Aggregation,Mean slope,Standard error of mean slope,Standard deviation of errors
All techs,-0.3705428269702913,0.0418500625877738,0.08110925976138468
Energy sector,-0.14238865714823598,0.03316598049777383,0.11653091876356916
Energy sector without nuclear,-0.20723732127051697,0.033109798320288014,0.12108559358411132
