Tech,n_breaks,First Diff.,AIC,BIC,Intercept,Initial production,Breakpoint 1,Breakpoint 2,Breakpoint 3,Breakpoint 4,Breakpoint 5,Breakpoint 6,Final production,LR 1,LR 2,LR 3,LR 4,LR 5,LR 6,LR 7,Number of observations
Wind_Turbine_2_(Germany),0,1,-38.79574385498776,-38.31083720519976,,0.6130071420551685,,,,,,,3.378716165494427,2.054491456831764,,,,,,,13
Wind_Turbine_2_(Germany),0,0,-40.384401809038984,-39.25450309411591,3.5084609364681,0.6130071420551685,,,,,,,3.378716165494427,4.901616268960796,,,,,,,13
Wind_Turbine_2_(Germany),1,0,-39.42316969618275,-37.1633722663366,3.3990024978770204,0.6130071420551685,1.3193930469020563,,,,,,3.378716165494427,-2.218704193630905,6.283137402558103,,,,,,13
Wind_Turbine_2_(Germany),2,0,-54.2902988410066,-50.900602696237385,3.3990024978770212,0.6130071420551685,1.7233542036651637,2.6226800179704384,,,,,3.378716165494427,-2.218704193630816,15.478209251886167,-6.664046907132448,,,,,13
Wind_Turbine_2_(Germany),3,0,-53.12932213304134,-48.60972727334905,3.390455933337099,0.6130071420551685,1.7673258532655276,1.969392511011114,2.7133638782117404,,,,3.378716165494427,-2.9187387341135684,24.647688402147907,11.333498984942224,-5.440257609336374,,,,13
Wind_Turbine_2_(Germany),4,0,-46.81259476341262,-41.163101188797256,2.8604960820019287,0.6130071420551685,0.6383501811619021,1.7761943728453242,2.149297013959951,2.3491073878295476,,,3.378716165494427,-85.37994082212168,-1.9220189418597045,24.64768840214786,12.635687495254599,-1.2911638771337497,,,13
Wind_Turbine_2_(Germany),5,0,-44.67398186727627,-37.894589577737825,3.399002497877023,0.6130071420551685,1.7585128028813084,1.8172784893481209,1.9637126383838448,1.975088231014097,2.7133638782117573,,3.378716165494427,-2.2187041936307716,12.437207063818045,24.647688402147704,18.251970009307627,11.333498984942214,-5.440257609337018,,13
Caprolactam,0,1,-37.441866827081796,-37.13928173408775,,2.2835744806987583,,,,,,,3.566969967972124,19.0331791306934,,,,,,,11
Caprolactam,0,0,-37.9841159938929,-37.188325448296155,2.610308458148298,2.2835744806987583,,,,,,,3.566969967972124,24.61989806049121,,,,,,,11
Caprolactam,1,0,-42.248715292612246,-40.657134201418764,1.938095492044715,2.2835744806987583,2.674458150264448,,,,,,3.566969967972124,9.214781981282915,28.453388401865297,,,,,,11
Caprolactam,2,0,-75.0086580796753,-72.62128644288508,2.0220800206368805,2.2835744806987583,2.8774107081263387,3.174062173292599,,,,,3.566969967972124,11.42579948049165,43.495132441327286,17.45151228151243,,,,,11
Caprolactam,3,0,-74.75618784432477,-71.5730256619378,0.5263113723328519,2.2835744806987583,2.318986574164868,2.89835235973461,3.1740621732925987,,,,3.566969967972124,-39.35489101466176,14.954191492192647,43.495132441327364,17.451512281512503,,,,11
Caprolactam,4,0,-70.75618784432503,-66.77723511634132,0.4030804189905399,2.2835744806987583,2.2972871086586695,2.335769061681349,2.8983523597346106,3.1740621732925978,,,3.566969967972124,-44.66618111177083,-10.866583428474508,14.954191492192626,43.49513244132724,17.451512281512304,,,11
Caprolactam,5,0,-66.7561878443251,-61.98144457074465,0.35695048065480656,2.2835744806987583,2.301051793133864,2.3135008342206187,2.332390108790904,2.898352359734608,3.174062173292598,,3.566969967972124,-46.70605930946932,-22.32575408825932,-1.99677003727472,14.954191492192004,43.49513244132718,17.451512281512336,,11
Fotovoltaica,0,1,-156.6279363943568,-154.73611609624618,,-2.636811563395229,,,,,,,3.780605464740647,23.48791519071083,,,,,,,50
Fotovoltaica,0,0,-20.404622763295052,-16.58057675243876,2.0024206326951006,-2.636811563395229,,,,,,,3.780605464740647,29.125396744752397,,,,,,,50
Fotovoltaica,1,0,-66.1656642354929,-58.51757221378031,1.9059502823199388,-2.636811563395229,1.5258212108939553,,,,,,3.780605464740647,35.00123920880208,14.449925884952696,,,,,,50
Fotovoltaica,2,0,-130.10121534467947,-118.6290773121106,2.563748166004033,-2.636811563395229,-1.1070473997380998,0.43901894931255353,,,,,3.780605464740647,17.39336244850225,49.20351256615878,18.180286001940914,,,,,50
Fotovoltaica,3,0,-158.34269355675644,-143.04650951333127,2.512352309690085,-2.636811563395229,-1.0045494531659656,0.2462484308771193,3.120005047407158,,,,3.780605464740647,18.694552961825075,51.87907931163564,20.921506642528886,-4.860085277785808,,,,50
Fotovoltaica,4,0,-178.18836898876862,-159.06813893448717,2.5844576355252955,-2.636811563395229,-1.2544445117961127,-0.43789283244769,0.09794346234791605,3.120005047407176,,,3.780605464740647,16.875441564240646,41.38502357989127,61.95573931583434,20.921506642529963,-4.8600852777858305,,,50
Fotovoltaica,5,0,-202.38704465655132,-179.44276859141357,2.5844576355252893,-2.636811563395229,-1.258753696960118,-0.35242907728837514,-0.20557684064737825,1.004645659520756,3.198221609894581,,3.780605464740647,16.875441564240667,41.099351070519994,85.33415054450903,30.182541881547863,19.310794157699306,-6.607547719735862,,50
Fotovoltaica,6,0,-218.62384483170644,-191.8555227557124,0.013232876501992778,-2.636811563395229,-2.4963310942903068,-1.3230794788857743,-0.35242907728837375,-0.20557684064737966,1.004645659520756,3.1982216098945804,3.780605464740647,58.47529258983981,11.628486822043161,41.09935107051993,85.33415054450936,30.182541881547564,19.310794157698886,-6.607547719736595,50
Crude_Oil,0,1,-92.4939605254027,-91.44943808767927,,2.0019857758304167,,,,,,,2.1835496633683675,11.54881963896155,,,,,,,22
Crude_Oil,0,0,-98.05841179345833,-95.87632688674171,1.5348443189628664,2.0019857758304167,,,,,,,2.1835496633683675,29.915485786583773,,,,,,,22
Crude_Oil,1,0,-122.17822978752949,-117.81405997409622,-24.58826905680115,2.0019857758304167,2.0098668698081266,,,,,,2.1835496633683675,-576171.4403025609,36.289113580326216,,,,,,22
Crude_Oil,2,0,-118.31504828362532,-111.76879356347541,-24.588269056800797,2.0019857758304167,2.0105210331619854,2.0270975464727834,,,,,2.1835496633683675,-576171.4403024935,57.26398185352397,35.88607658355044,,,,,22
Crude_Oil,3,0,-96.85366705193726,-88.12532742507074,0.23954991821943425,2.0019857758304167,2.0915362743083805,2.1072535084125303,2.1334978879312962,,,,2.1835496633683675,-8.805774706984337,79.13144327014068,31.459107875297743,50.164581011548236,,,,22
Crude_Oil,4,0,-92.06010222550645,-81.1496776919233,0.3591409985071727,2.0019857758304167,2.087761689605268,2.0897525124942633,2.0902751418910044,2.0932352245594434,,,2.1835496633683675,-4.446108572039598,20.91697573242537,40.12122014436969,54.662009669188464,50.559843697657,,,22
Crude_Oil,5,0,-138.74306010141333,-125.65055066111354,-24.58826905680126,2.0019857758304167,2.011460759938604,2.0406125406181697,2.054574137221865,2.06356234790156,2.1350215187980695,,2.1835496633683675,-576171.4403025887,83.22514708610555,-328.8484378714887,-56.906766745938796,42.589945807957406,50.16458101154795,,22
Crude_Oil,6,0,-84.04704302954372,-68.77244868252728,-0.07301823962871672,2.0019857758304167,2.064525865081603,2.066380345957291,2.0672594465004432,2.124447575487588,2.1326310473975667,2.1482008124153604,2.1835496633683675,-21.11386519386398,5.472285778447161,26.222412754734858,42.417602873849624,45.08364004652392,47.62622744265478,50.55225519123072,22
Photovoltaics_2,0,1,-103.56382338083355,-102.09808747803383,,5.880298346279688,,,,,,,9.506588193036043,20.77169864478123,,,,,,,33
Photovoltaics_2,0,0,-57.56229893902833,-54.56928381609537,3.768506648905479,5.880298346279688,,,,,,,9.506588193036043,27.448935001972764,,,,,,,33
Photovoltaics_2,1,0,-64.12098755046097,-58.13495730459505,3.9749176544323204,5.880298346279688,9.081783219952769,,,,,,9.506588193036043,28.830828567710675,-3.9549820079616715,,,,,,33
Photovoltaics_2,2,0,-107.32048834472926,-98.34144297593038,1.914807868944446,5.880298346279688,7.118036252362857,8.739873864485409,,,,,9.506588193036043,11.53864213570115,36.52315600612865,7.330531369657722,,,,,33
Photovoltaics_2,3,0,-116.35809536185951,-104.38603487012767,1.9295139085669355,5.880298346279688,7.176713718592762,8.359895788412345,9.072178343594338,,,,9.506588193036043,11.683174025029242,38.4669687033148,25.82296230913762,-6.889182043781039,,,,33
Photovoltaics_2,4,0,-119.32892565597786,-104.36385004131304,1.9148078689444532,5.880298346279688,7.117933880357736,7.671846862355684,7.862744192493925,9.026545133137198,,,9.506588193036043,11.538642135701272,31.407773118155458,60.01500001902394,30.0119781369255,-6.889182043781261,,,33
Photovoltaics_2,5,0,-113.86914298428775,-95.91105224668999,3.304651272137802,5.880298346279688,6.176455154335119,7.108182739215454,8.374502998660907,9.071622615699763,9.28013002072765,,9.506588193036043,24.620958247010016,7.152316979864337,38.18474178004868,26.580764261592392,-23.264905915158153,11.131016525665183,,33
Photovoltaics_2,6,0,-104.99489081771122,-84.04378495718049,1.9148078689444492,5.880298346279688,7.146585572118354,7.163604018690737,7.207209418368866,8.417259760964715,8.613859286155682,9.057820229819647,9.506588193036043,11.53864213570116,21.62000913479678,30.55246954252192,38.46696870331462,19.30213009018278,27.65298624066508,-6.889182043781372,33
Onshore_Gas_Pipeline,0,1,-31.071096981389843,-30.58619033160184,,1.5190270600153564,,,,,,,1.776613401326307,19.34588120239704,,,,,,,13
Onshore_Gas_Pipeline,0,0,-31.985081415488303,-30.85518270056523,3.4753236147341053,1.5190270600153564,,,,,,,1.776613401326307,16.831832325820205,,,,,,,13
Onshore_Gas_Pipeline,1,0,-33.124325509094156,-30.86452807924801,3.222868161985328,1.5190270600153564,1.7561081575126927,,,,,,1.776613401326307,7.194611151356655,99.20002295487996,,,,,,13
Onshore_Gas_Pipeline,2,0,-42.843193289480865,-39.45349714471165,4.8127747138867045,1.5190270600153564,1.6849710833594034,1.739357025677396,,,,,1.776613401326307,54.086927272389886,-953.1469311002434,97.83565321542632,,,,,13
Onshore_Gas_Pipeline,3,0,-63.63022021629507,-59.11062535660278,0.11396728226086217,1.5190270600153564,1.569549509719509,1.6516059538661487,1.7393570256773963,,,,1.776613401326307,-281.73046031072573,94.34279973878986,-953.1469311002336,97.83565321542625,,,,13
Onshore_Gas_Pipeline,4,0,-60.98221999290365,-55.33272641828829,0.11396728226101473,1.5190270600153564,1.5695495097195094,1.6516059538661492,1.7373614069058487,1.748625983833922,,,1.776613401326307,-281.7304603107013,94.34279973878972,-953.1469311002822,89.86740320193645,98.35115336986662,,,13
Onshore_Gas_Pipeline,5,0,-59.871885381140174,-53.09249309160173,-1.8656879552854586,1.5190270600153564,1.5474508053169007,1.645842830625907,1.659883245590038,1.6976018944858504,1.7387769391162864,,1.776613401326307,-838.6798003909935,81.16115112204241,22.242809824057186,-220.94213802503174,-1224.6858345644634,97.8356532154262,,13
Onshore_Gas_Pipeline,6,0,-57.785544002368766,-49.87625299790725,-1.8656879552854002,1.5190270600153564,1.547450805316901,1.6391184040277773,1.6666076704071566,1.6976018942357531,1.7366915094249205,1.748625983833924,1.776613401326307,-838.6798003909847,81.16115112204201,22.242813341369317,-220.94211892844737,-1224.6858345645308,89.86740320193647,98.3511533698666,13
Titanium_Sponge,0,1,-58.32617057261959,-57.49295722856337,,2.8240889861252847,,,,,,,5.135479132337903,15.681489735026233,,,,,,,18
Titanium_Sponge,0,0,-33.85654731900688,-32.07580380321455,1.9946976398960046,2.8240889861252847,,,,,,,5.135479132337903,22.978831526086374,,,,,,,18
Titanium_Sponge,1,0,-68.29215063147845,-64.73066359989379,0.8297253568441323,2.8240889861252847,3.8607605977260753,,,,,,5.135479132337903,1.5768114925513999,33.74221880628747,,,,,,18
Titanium_Sponge,2,0,-71.5181880401044,-66.17595749272742,0.8297253568441343,2.8240889861252847,3.9009873539494797,4.940324125645061,,,,,5.135479132337903,1.576811492551422,35.57595889627198,15.607168608038657,,,,,18
Titanium_Sponge,3,0,-127.28613015740947,-120.16315609424015,0.8297253568441345,2.8240889861252847,3.7942424671081563,4.675051688504718,4.8155194578848315,,,,5.135479132337903,1.5768114925514332,28.26765119094521,64.04181140435064,16.149110816164168,,,,18
Titanium_Sponge,4,0,-153.67645079050862,-144.77273321154698,0.8297253568441327,2.8240889861252847,3.7942424671081563,4.686064953969594,4.74367261825039,4.856784786240099,,,5.135479132337903,1.5768114925514332,28.267651190945298,74.4201203429773,47.16297685263439,14.60641922496314,,,18
Titanium_Sponge,5,0,-149.6764507905088,-138.99198969575482,0.8297253568441326,2.8240889861252847,3.7942424671081576,4.686064953969595,4.742501673690492,4.744843562810286,4.856784786240097,,5.135479132337903,1.5768114925513887,28.26765119094525,74.42012034297734,63.23636724227426,47.16297685263452,14.606419224963396,,18
Titanium_Sponge,6,0,-170.00960782324856,-157.54440321270226,0.8297253568441305,2.8240889861252847,3.6585654832299905,3.929920419013171,4.686064953969594,4.735316933441151,4.801722061288129,4.869869949331917,5.135479132337903,1.5768114925513665,15.975488566358443,28.26765119094522,74.4201203429773,55.00362540720003,38.01028854919588,14.606419224963096,18
Wind_Electricity,0,1,-78.16672188671727,-77.12219944899384,,3.7278706520395737,,,,,,,7.916108381440494,3.7847048246766546,,,,,,,22
Wind_Electricity,0,0,-46.91089537432988,-44.72881046761325,2.126585360363224,3.7278706520395737,,,,,,,7.916108381440494,11.345811888178103,,,,,,,22
Wind_Electricity,1,0,-68.89923885848552,-64.53506904505225,1.8387370764111288,3.7278706520395737,6.754317626554849,,,,,,7.916108381440494,7.389452299697319,23.38557983111681,,,,,,22
Wind_Electricity,2,0,-69.54273595785085,-62.996481237700955,1.846039218052085,3.7278706520395737,6.9185476489863555,7.4992351159660675,,,,,7.916108381440494,7.498866472973564,30.07536672823442,12.906114801266922,,,,,22
Wind_Electricity,3,0,-65.62440902674624,-56.89606939987971,1.838737076411128,3.7278706520395737,6.8613644950839765,7.128086958761376,7.493142831311838,,,,7.916108381440494,7.389452299697307,25.853626617015525,30.841802992982892,12.906114801266899,,,,22
Wind_Electricity,4,0,-61.63943831740079,-50.72901378381763,1.8387370764111286,3.7278706520395737,6.861364495083972,7.105112969586747,7.47895302736624,7.600063094745232,,,7.916108381440494,7.389452299697319,25.8536266170154,29.870921146105587,19.77794901113903,11.61786744837352,,,22
Wind_Electricity,5,0,-57.624604724227964,-44.53209528392817,1.8387370764111264,3.7278706520395737,6.831137623840482,6.860734144319036,6.912593762914459,7.148546162696873,7.492557683680912,,7.916108381440494,7.389452299697519,14.26930543385736,20.638067981429188,26.53370784413752,30.939464281354546,12.906114801267176,,22
Milk_(US),0,1,-459.9651091428741,-457.6213037210204,,5.81109776828194,,,,,,,7.028241597187251,15.40315640352472,,,,,,,78
Milk_(US),0,0,-180.26271334540422,-175.54929569202503,6.602438865502514,5.81109776828194,,,,,,,7.028241597187251,37.89078441640401,,,,,,,78
Milk_(US),1,0,-480.70634048832926,-471.27950518157087,3.300341130127822,5.81109776828194,6.46344869614393,,,,,,7.028241597187251,10.258338197443317,52.47618061289112,,,,,,78
Milk_(US),2,0,-524.7270758590914,-510.58682289895387,0.9328624406797099,5.81109776828194,5.971682568379185,6.478397058104812,,,,,7.028241597187251,-18.412154171701633,14.290803881464399,52.56955331657704,,,,,78
Milk_(US),3,0,-534.1878694802999,-515.3341988667831,1.2003378623258973,5.81109776828194,5.971230352052615,6.33841356609723,6.499695810464285,,,,7.028241597187251,-14.718523323790178,11.800143483980696,23.626896294784395,52.639466981062455,,,,78
Milk_(US),4,0,-550.8308778483474,-527.2637895814515,0.932862440679796,5.81109776828194,5.974835213998857,6.244959064595519,6.290939903277927,6.503149294685834,,,7.028241597187251,-18.412154171700166,16.489614315023427,-38.13850864142925,25.60756025982037,52.63946698106182,,,78
Milk_(US),5,0,-548.1673054566168,-519.8867995363416,0.9328624406799022,5.81109776828194,5.974835213998857,6.244959064595519,6.290939903277929,6.503804974147292,7.010426286997493,,7.028241597187251,-18.41215417169888,16.489614315023072,-38.138508641428736,25.607560259819817,52.70971399517039,38.79215348874695,,78
Milk_(US),6,0,-544.1673054566158,-511.17338188296156,0.9328624406798257,5.81109776828194,5.974490957767819,5.975179474632225,6.244959064595518,6.290939903277928,6.503804974147291,7.010426286997495,7.028241597187251,-18.412154171699925,0.5584463833981257,16.48961431502327,-38.13850864142947,25.60756025981894,52.70971399516973,38.79215348874497,78
HydrofluoricAcid,0,1,-51.333373976284406,-51.03078888329036,,2.3850895644788612,,,,,,,3.454724621297743,2.6757850759737023,,,,,,,11
HydrofluoricAcid,0,0,-57.19307390442326,-56.39728335882651,1.1770907808685265,2.3850895644788612,,,,,,,3.454724621297743,0.7941458874294205,,,,,,,11
HydrofluoricAcid,1,0,-58.985077215617736,-57.39349612442425,1.310366295056126,2.3850895644788612,3.0201517780141938,,,,,,3.454724621297743,4.142890036465941,-3.8811642768966648,,,,,,11
HydrofluoricAcid,2,0,-76.5404467988989,-74.15307516210868,1.3071235299037867,2.3850895644788612,3.121219859737913,3.3934282912187657,,,,,3.454724621297743,4.060211517287826,-12.766841164162157,38.78983214189464,,,,,11
HydrofluoricAcid,3,0,-72.9207184700282,-69.73755628764124,0.3240398477675824,2.3850895644788612,2.3983777035377876,3.0994825476415966,3.395047814528364,,,,3.454724621297743,-27.616792355757426,4.681828805054799,-11.700886119938158,38.78983214189482,,,,11
HydrofluoricAcid,4,0,-68.9207184700281,-64.9417657420444,0.25461970565050335,2.3850895644788612,2.39508830054786,2.3999493822549884,3.0994825476415953,3.3950478145283647,,,3.454724621297743,-30.217564644267437,-11.406611678625422,4.6818288050547885,-11.700886119937937,38.78983214189484,,,11
HydrofluoricAcid,5,0,-65.0995807029414,-60.32483742936095,0.32402406392793187,2.3850895644788612,2.3983774946618692,3.08541300138877,3.0931948045779665,3.1522781237607767,3.3934282912187657,,3.454724621297743,-27.617377741646653,4.681828805054722,-0.811700186529074,-6.621841010618246,-12.766841164162335,38.78983214189461,,11
HydrofluoricAcid,6,0,-60.602214570720776,-55.03168075154359,1.3103662950561283,2.3850895644788612,3.083099036874774,3.1064238237131896,3.1101348284586856,3.14242723445139,3.1503733073112894,3.393428291218766,3.454724621297743,4.14289003646604,0.9770756203972608,-2.2932942211458363,-5.67167257655059,-9.161626577251148,-12.766841164161802,38.789832141894955,11
Transistor,0,1,-64.83482584502566,-63.25130690656955,,0.5431479942360623,,,,,,,9.755438023037494,44.56605223001632,,,,,,,37
Transistor,0,0,-43.334023289376745,-40.112187464088294,0.7815943560618559,0.5431479942360623,,,,,,,9.755438023037494,43.025641022498974,,,,,,,37
Transistor,1,0,-56.18505737284562,-49.741385722268724,1.097344142030722,0.5431479942360623,2.6097329873075004,,,,,,9.755438023037494,49.323458981924354,41.95414578997333,,,,,,37
Transistor,2,0,-79.22278885642709,-69.55728138056173,1.043641269919415,0.5431479942360623,3.6553921162157588,7.838294009838425,,,,,9.755438023037494,47.91040517587266,39.47459395437687,48.62929068111318,,,,,37
Transistor,3,0,-84.11997861886798,-71.23263531771418,1.11418307217158,0.5431479942360623,2.7328233349770827,7.100795064640803,7.591556985614778,,,,9.755438023037494,49.86015890703301,41.32058043072776,23.56071562050841,49.354326757795185,,,,37
Transistor,4,0,-85.08696733162955,-68.97778820518731,1.1141830721715735,0.5431479942360623,2.732823334977093,7.127540655145121,7.740776752138069,8.176644396985006,,,9.755438023037494,49.860158907032925,41.32058043072773,21.223439731159942,61.729971576148046,46.849306602022125,,,37
Transistor,5,0,-76.30295495953237,-56.97194000780168,0.7192716622676488,0.5431479942360623,0.5921564153001615,2.5916610392270334,2.8143037484408153,7.100795064640809,7.591556985614772,,9.755438023037494,19.185842140323018,50.18269141423781,45.93219724923955,41.32058043072778,23.56071562050812,49.354326757795164,,37
Transistor,6,0,-77.08696733162964,-54.5341165546105,1.1141830721715742,0.5431479942360623,2.7270769788431335,2.738574501109717,7.127540655145115,7.693801517380003,7.787750644088015,8.176644396985006,9.755438023037494,49.86015890703289,45.75637954034332,41.32058043072766,21.223439731160198,45.092693477295576,61.72997157614788,46.849306602022125,37
CarbonDisulfide,0,1,-38.329047616114806,-38.131823038778585,,2.964880919887962,,,,,,,3.876086059583858,4.102102756620141,,,,,,,10
CarbonDisulfide,0,0,-40.51686509748278,-39.911694911494685,0.8808382404832987,2.964880919887962,,,,,,,3.876086059583858,5.507519516115966,,,,,,,10
CarbonDisulfide,1,0,-52.7589347177169,-51.54859434574071,0.6480681181415203,2.964880919887962,3.717099580827366,,,,,,3.876086059583858,0.742776214138674,32.41982998656222,,,,,,10
CarbonDisulfide,2,0,-55.542897394948284,-53.72738683698401,0.6953266428277581,2.964880919887962,3.6102544106531345,3.672317260373048,,,,,3.876086059583858,1.7328163554554132,-53.313816199525,34.886421060727265,,,,,10
CarbonDisulfide,3,0,-29.534103816603036,-27.11342307265067,0.09239210384230706,2.964880919887962,3.042300337965803,3.1030592221040445,3.137720366942223,,,,3.876086059583858,-13.147969670900817,-5.884359445215681,0.9129750820255245,7.273957958741583,,,,10
CarbonDisulfide,5,0,-21.534103816603036,-17.903082700674485,0.08102930325076543,2.964880919887962,2.9857670883545278,3.0607841314428677,3.0931201674576934,3.1323773263107957,3.191224366172736,,3.876086059583858,-13.448942525540698,-8.963431662078358,-4.655256422929743,-0.5174123595062197,3.4568356351626472,7.273957958741651,,10
Primary_Aluminum,0,1,-146.3391897884568,-144.7016036287304,,2.6877544477235684,,,,,,,4.606324956021417,11.035426400489056,,,,,,,39
Primary_Aluminum,0,0,-85.26897797908444,-81.94185468682515,0.26275669561028797,2.6877544477235684,,,,,,,4.606324956021417,13.830001611692666,,,,,,,39
Primary_Aluminum,1,0,-121.69418451395558,-115.03993792943699,0.9329393821156687,2.6877544477235684,3.6748229684680416,,,,,,4.606324956021417,25.694222198316897,-0.5181153137478578,,,,,,39
Primary_Aluminum,2,0,-140.24928524820334,-130.26791537142546,0.987153287046762,2.6877544477235684,3.7557645577743135,4.16196123240237,,,,,4.606324956021417,26.625813638157013,-24.521895244310766,19.021511952958758,,,,,39
Primary_Aluminum,3,0,-158.49921610699718,-145.19072293796,-1.5964698209146446,2.6877544477235684,2.8472405576815185,3.7398344133263137,4.158337676543221,,,,4.606324956021417,-38.59505944593089,29.168098943761812,-25.910108749522998,19.021511952958768,,,,39
Primary_Aluminum,4,0,-160.87331814502366,-144.2377016837272,-1.5964698209146329,2.6877544477235684,2.8472405576815194,3.740198792625018,4.211191130280897,4.354521389352968,,,4.606324956021417,-38.59505944593056,29.16809894376189,-26.106903427981187,41.19376778705456,6.106055633417484,,,39
Primary_Aluminum,5,0,-162.06874225487573,-142.10600250131998,0.06578138532445643,2.6877544477235684,3.1362765154806613,3.2661619687051346,3.766843553675875,4.212907961937847,4.354521389352968,,4.606324956021417,8.46231592397233,64.09103482883258,20.040332906893866,-25.07942051808445,41.19376778705478,6.1060556334176175,,39
Primary_Aluminum,6,0,-158.15436379770557,-134.86450075189052,0.06578138532445833,2.6877544477235684,3.136276515480662,3.2661619687051324,3.7668435536758746,4.203662223669583,4.4185003330666754,4.474167130838017,4.606324956021417,8.462315923972374,64.09103482883303,20.040332906894132,-25.079420518084273,34.55430062056746,-36.52682222532195,12.54804114836251,39
Acrylonitrile,0,1,-43.56707989240714,-43.00213053494561,,2.5303838557017677,,,,,,,3.9451752033255616,21.023866367688203,,,,,,,14
Acrylonitrile,0,0,-48.78840627234948,-47.51029161311896,2.1915202780766547,2.5303838557017677,,,,,,,3.9451752033255616,19.444070660296685,,,,,,,14
Acrylonitrile,1,0,-46.80723126017028,-44.25100194170925,2.5898557150017303,2.5303838557017677,2.9284210880184176,,,,,,3.9451752033255616,27.05125175993515,17.74333557584089,,,,,,14
Acrylonitrile,2,0,-59.73892800327644,-55.904584025584896,2.7330239945915347,2.5303838557017677,3.125808557847302,3.2936325059335894,,,,,3.9451752033255616,29.733173855219974,-36.66388210301721,25.43255495208856,,,,,14
Acrylonitrile,3,0,-60.2617114220879,-55.14925278516583,0.543606161058703,2.5303838557017677,2.611074909003036,3.0959801220171688,3.2936325059335902,,,,3.9451752033255616,-27.43368296022446,37.47660470238626,-36.66388210301734,25.43255495208835,,,,14
Acrylonitrile,4,0,-56.26171142208784,-49.87113812593526,0.3796118948939331,2.5303838557017677,2.596287847294052,2.616284562982453,3.0959801220171683,3.2936325059335885,,,3.9451752033255616,-33.28890476447776,8.710722423900318,37.4766047023862,-36.66388210301763,25.432554952088495,,,14
Acrylonitrile,5,0,-52.42806983329669,-44.75938187791359,0.559700553610433,2.5303838557017677,2.6208051459961763,2.9848950140013857,3.12047163892963,3.143765285726591,3.293632505933589,,3.9451752033255616,-26.87309871833272,39.6880761565699,20.78269946447667,-4.048756940020093,-36.663882103017364,25.43255495208856,,14
Acrylonitrile,6,0,-48.42806983329663,-39.481267218683016,0.38794111520784386,2.5303838557017677,2.598829288597589,2.632020205396346,2.9848950140081327,3.1240050827476322,3.1402318419297126,3.293632505933589,3.9451752033255616,-32.98513674571748,10.44225639445877,39.688076156569885,20.782699460470788,-4.04875694333664,-36.66388210301752,25.432554952088505,14
Photovoltaics_4,0,1,-102.074453295089,-100.77861642908468,,0.3209608969751543,,,,,,,3.2405627071881495,28.320575538687386,,,,,,,28
Photovoltaics_4,0,0,-64.81851527647298,-62.154106256122574,1.8252410023935821,0.3209608969751543,,,,,,,3.2405627071881495,25.05771483494067,,,,,,,28
Photovoltaics_4,1,0,-119.84802264815966,-114.51920460745885,2.2017790825228865,0.3209608969751543,0.895875708970046,,,,,,3.2405627071881495,48.706872734663655,21.281660241974453,,,,,,28
Photovoltaics_4,2,0,-127.0031113170881,-119.00988425603688,2.2398474540558944,0.3209608969751543,0.7698127955675952,2.0612577869051427,,,,,3.2405627071881495,51.698060871575336,24.390778162165795,19.065819649839145,,,,,28
Photovoltaics_4,3,0,-123.00311131708793,-112.3454752356863,2.23984745405589,0.3209608969751543,0.762081354212086,0.7775445811052738,2.0612577869051543,,,,3.2405627071881495,51.6980608715754,39.56732293932153,24.39077816216614,19.06581964983959,,,,28
Photovoltaics_4,4,0,-117.85389153447926,-104.53184643272722,2.239847454055893,0.3209608969751543,0.7542937220215905,0.7615341416429314,0.7826288736262175,1.8933445048385096,,,3.2405627071881495,51.69806087157536,44.02383833343715,35.13014582220403,24.82275746910485,19.662762789884837,,,28
Photovoltaics_4,5,0,-141.80408883686994,-125.8176347147675,2.2398474540558935,0.3209608969751543,0.7748548370154075,1.8930888261539645,2.088469418513777,2.1398504915086347,2.31120553675476,,3.2405627071881495,51.698060871575514,23.9286844514101,37.53601079649387,16.49624184682309,-11.630360382312354,22.163991911477844,,28
Photovoltaics_4,6,0,-147.9432223512722,-129.29235920881933,2.239847454055892,0.3209608969751543,0.7231118656384955,1.1945782240976188,1.8423270599865937,2.113635838688533,2.114684071333876,2.3112055367547604,3.2405627071881495,51.698060871575535,30.113456513833757,20.754199379866524,37.53601079649395,16.496241846821846,-11.630360382312377,22.16399191147762,28
PolyesterFiber,0,1,-37.644615641569246,-37.159708991781244,,2.054367295134734,,,,,,,3.912356834199412,18.847423470281065,,,,,,,13
PolyesterFiber,0,0,-33.71459711454643,-32.584698399623356,3.0139164064521675,2.054367295134734,,,,,,,3.912356834199412,23.31665656121573,,,,,,,13
PolyesterFiber,1,0,-58.21052195052761,-55.95072452068146,2.2576206651113644,2.054367295134734,2.7239220272954596,,,,,,3.912356834199412,4.991877418512636,29.27911463522691,,,,,,13
PolyesterFiber,2,0,-55.65095374588208,-52.26125760111286,2.257620665111366,2.054367295134734,2.7392494988510006,3.7603732249828643,,,,,3.912356834199412,4.991877418512624,30.086936550855704,19.834867003060864,,,,,13
PolyesterFiber,3,0,-51.650953745882106,-47.131358886189815,2.257620665111367,2.054367295134734,2.693411784472805,2.7850872132892768,3.760373224982861,,,,3.912356834199412,4.991877418512725,18.49963864565598,30.086936550855658,19.834867003060875,,,,13
PolyesterFiber,4,0,-47.65095374588205,-42.001460171266686,2.2576206651113644,2.054367295134734,2.7315701747187946,2.7469375355828953,3.745061973666878,3.7756800588909614,,,3.912356834199412,4.991877418512624,18.506724404676376,30.086936550855704,25.136929096446703,19.834867003060975,,,13
PolyesterFiber,5,0,-43.59439459868881,-36.815002309150366,2.2576206651113653,2.054367295134734,2.7250162728186615,2.7296437108057456,2.776214840824326,3.6446797345544506,3.645646656771538,,3.912356834199412,4.9918774185127575,14.345174276160222,22.777663946792735,30.37999744855434,27.423193593402296,24.340812480027875,,13
Geothermal_Electricity,0,1,-136.51812582766428,-135.29925000279607,,6.749824565866473,,,,,,,8.496649985985119,12.615223521757946,,,,,,,26
Geothermal_Electricity,0,0,-87.1510635973054,-84.63487052126243,3.4095087723354283,6.749824565866473,,,,,,,8.496649985985119,20.300694677778175,,,,,,,26
Geothermal_Electricity,1,0,-143.45786518756387,-138.42547903547793,2.5573567680084413,6.749824565866473,8.010205491937493,,,,,,8.496649985985119,13.680262012681943,33.529102316985615,,,,,,26
Geothermal_Electricity,2,0,-162.70096760500957,-155.15238837688068,1.7634166542692946,6.749824565866473,7.248568329492191,8.10352676946366,,,,,8.496649985985119,6.643769124169275,17.19721820161313,35.07017243493012,,,,,26
Geothermal_Electricity,3,0,-169.12989683912036,-159.0651245349485,1.642308439303897,6.749824565866473,7.166303695437289,7.866076262613538,8.246826009708787,,,,8.496649985985119,5.489175500701893,15.869557335592932,23.59187257932819,38.82982159843611,,,,26
Geothermal_Electricity,4,0,-165.12989683912025,-152.54893145890543,1.6423084393038874,6.749824565866473,7.138895408812067,7.19371198206617,7.866076262613538,8.246826009708787,,,8.496649985985119,5.48917550070186,10.830288204781269,15.86955733559301,23.591872579328268,38.82982159843616,,,26
Geothermal_Electricity,5,0,-181.3590631170129,-166.26190466075514,1.642308439303885,6.749824565866473,7.182137269434437,7.9868390160831355,8.276220669221562,8.347393228429546,8.42713639071911,,8.496649985985119,5.489175500702082,16.543720629801207,26.050162848165215,50.10806657922673,24.166923821936116,46.41540779881434,,26
Geothermal_Electricity,6,0,-152.51072337629978,-134.89737184399903,1.6423084393038967,6.749824565866473,7.123306291384864,7.12681937342669,7.207642195676277,7.376980318040482,8.063786612184966,8.429185324432593,8.496649985985119,5.489175500701959,8.604093178128746,11.616418328424405,14.531015481297182,16.885364090179944,32.77252662100688,46.41540779881461,26
Solar_Thermal,0,1,-9.861125900329057,-9.78168435864922,,1.843819745203394,,,,,,,2.626046905040928,3.600841185847492,,,,,,,9
Solar_Thermal,0,0,-18.003188847064884,-17.608739692392444,4.35676700616318,1.843819745203394,,,,,,,2.626046905040928,16.394344394417338,,,,,,,9
Solar_Thermal,3,0,-15.33563958557042,-13.757842966880663,7.578080635061776,1.843819745203394,1.9320031951208767,2.2896044165629226,2.4584814827023838,,,,2.626046905040928,74.58449440997242,-23.61165971537944,67.07891584234777,-49.26237035885901,,,,9
Cyclohexane,0,1,-69.75009728287601,-68.97750856063624,,1.9777825815576695,,,,,,,3.485439313356928,12.616567093377629,,,,,,,17
Cyclohexane,0,0,-65.20177907170302,-63.535352383590585,1.288201190917384,1.9777825815576695,,,,,,,3.485439313356928,15.044980485143466,,,,,,,17
Cyclohexane,1,0,-77.30479326169765,-73.97193988547279,1.1437439417142525,1.9777825815576695,3.1552626591683515,,,,,,3.485439313356928,11.52696355552395,29.431014449862968,,,,,,17
Cyclohexane,2,0,-78.7769302860558,-73.7776502217185,0.9489569226401211,1.9777825815576695,2.4940191280384885,3.412516169749707,,,,,3.485439313356928,5.991810641806428,16.238159482530357,59.31936648483962,,,,,17
Cyclohexane,3,0,-88.45473514980736,-81.78902839735764,0.9431544933771305,1.9777825815576695,2.5881818016744567,2.875722826370497,3.065105630905977,,,,3.485439313356928,5.812819550662596,27.112183956001413,-15.877372167264415,28.990748086009567,,,,17
Cyclohexane,4,0,-65.96638272716834,-57.63424928660618,0.2497764886505351,1.9777825815576695,2.005614614240581,2.0683420030763324,2.8857942132956054,3.414579739733939,,,3.485439313356928,-20.33002239434929,-2.810648115558223,12.158003832985752,17.39020032934625,59.3193664848396,,,17
Cyclohexane,5,0,-90.61939302828819,-80.62083289961359,0.943154493377132,1.9777825815576695,2.58608772449146,2.5902758788580607,2.875722826370497,3.047290006857441,3.436083392666258,,3.485439313356928,5.812819550662674,17.144113775553294,27.112183956001356,-15.877372167264436,25.294562673787723,59.31936648483964,,17
DRAM,0,1,-26.173125321701697,-24.617777260212282,,-2.168832446932043,,,,,,,6.9390449806157095,40.02783231433893,,,,,,,36
DRAM,0,0,2.2714552419056346,5.4384931188178545,0.02366500215385123,-2.168832446932043,,,,,,,6.9390449806157095,39.07680694695501,,,,,,,36
DRAM,1,0,-26.471640818584028,-20.13756506475959,-0.021365510618905223,-2.168832446932043,4.269431846067253,,,,,,6.9390449806157095,35.82250984198422,48.68718265723461,,,,,,36
DRAM,2,0,-29.896225486606646,-20.395111855869985,-0.020408016186727582,-2.168832446932043,4.471006330502796,4.937598393776086,,,,,6.9390449806157095,35.36815384886415,68.7510509058111,42.29798577166333,,,,,36
DRAM,3,0,-36.19960786858648,-23.531456360937604,-0.024119339858353808,-2.168832446932043,3.6225387971924894,4.267731956776199,4.889326544237971,,,,6.9390449806157095,36.3625945619805,3.58323786664998,72.57769645862169,42.29798577166345,,,,36
DRAM,4,0,-38.88437215283451,-23.04918276827341,-0.41315127860807277,-2.168832446932043,-1.142140190147537,3.700151651266599,4.267731956776199,4.88932654423797,,,6.9390449806157095,46.702285104954925,35.04288292142371,3.5832378666507125,72.57769645862166,42.29798577166359,,,36
DRAM,5,0,-27.460925028293943,-8.45869776682062,0.19694132207150972,-2.168832446932043,-1.8450648601645732,-1.2473583269713278,-0.9595401825323904,4.407674177847942,4.937598393776089,,6.9390449806157095,34.43072272268793,51.8842883381883,43.51752839648927,33.695781987823246,68.75105090581114,42.29798577166377,,36
DRAM,6,0,-32.356139158709276,-10.186874020323735,-0.05610981166231639,-2.168832446932043,1.4779787351769829,3.7968663890498506,4.2677319567762,4.781217969185421,5.882359587941615,6.75897155991261,6.9390449806157095,38.27136900038673,32.4134893424627,3.5832378666503573,72.57769645862166,49.72238253524848,31.74786403136357,71.55715377919596,36
SodiumHydrosulfite,0,1,-31.047035899291366,-30.96759435761153,,1.8741373791721359,,,,,,,2.578456539191699,2.7750576028349516,,,,,,,9
SodiumHydrosulfite,0,0,-38.16672334539183,-37.77227419071939,1.5727430239993698,1.8741373791721359,,,,,,,2.578456539191699,6.630847532860884,,,,,,,9
SodiumHydrosulfite,1,0,-39.16275777244526,-38.37385946310038,1.4431610950269793,1.8741373791721359,2.4336426433284677,,,,,,2.578456539191699,2.559037148912491,26.91405659038577,,,,,,9
SodiumHydrosulfite,2,0,-35.162757772445076,-33.97941030842776,1.443161095026982,1.8741373791721359,2.4201907277535253,2.447075135782398,,,,,2.578456539191699,2.559037148912602,15.601868288450781,26.91405659038566,,,,,9
SodiumHydrosulfite,3,0,-29.913875008679554,-28.336078389989797,0.48980694391270224,1.8741373791721359,1.8971457705761712,2.1810054404099857,2.231972818696129,,,,2.578456539191699,-38.11783250905631,-0.9634907239822743,6.305949477917272,13.051985026610936,,,,9
SodiumHydrosulfite,4,0,-25.913875008679554,-23.941629235317357,0.3732459562564097,1.8741373791721359,1.8773058111904741,1.9019215007217172,1.9038621189223184,2.206489129553058,,,2.578456539191699,-44.20228973026392,-28.047043902820022,-13.70169976440847,-0.9634907239820301,13.051985026611145,,,9
EthylAlcohol,0,1,-60.72596146043901,-60.086904130823754,,2.9467213439105575,,,,,,,3.670055378360996,1.0457167756255492,,,,,,,15
EthylAlcohol,0,0,-54.66079246575096,-53.24469206354654,1.075966039707676,2.9467213439105575,,,,,,,3.670055378360996,6.200050808329294,,,,,,,15
EthylAlcohol,1,0,-71.07870435575884,-68.24650355135,0.3223388264825345,2.9467213439105575,3.3664532474938276,,,,,,3.670055378360996,-10.69932668083493,23.726768177444068,,,,,,15
EthylAlcohol,2,0,-89.14723849266588,-84.89893728605261,0.229206649135691,2.9467213439105575,3.290240462984215,3.631839547000659,,,,,3.670055378360996,-13.06400375552348,13.275531617640436,80.02129477807107,,,,,15
EthylAlcohol,3,0,-87.7193855354902,-82.05498392667252,0.3223388264825332,2.9467213439105575,3.3365955107027614,3.5871482559851824,3.624240979003023,,,,3.670055378360996,-10.699326680834886,16.845900014396086,-31.22654593128935,80.02129477807107,,,,15
EthylAlcohol,4,0,-85.19091363628073,-78.11041162525862,0.06546573644457167,2.9467213439105575,3.1507115119305062,3.359679575840849,3.58376216724229,3.627519345643658,,,3.670055378360996,-17.404373088766345,-3.0806295777786152,15.255567205447186,-2.300549965201104,80.02129477807088,,,15
EthylAlcohol,5,0,-76.0670216458895,-67.57041923266297,0.09131216826792184,2.9467213439105575,2.9795316433162493,3.042823379449918,3.328943512780996,3.6279640033706952,3.6380336896253764,,3.670055378360996,-16.816598987205843,-13.242779110071613,-9.778294623840589,14.783235882372448,58.73838817650557,80.02129477807102,,15
Ethanol_2,0,1,-56.85863840477886,-56.08604968253908,,1.4359806059181257,,,,,,,2.9489483271477783,14.464801283306317,,,,,,,17
Ethanol_2,0,0,-52.89439457633232,-51.22796788821989,2.670203359234025,1.4359806059181257,,,,,,,2.9489483271477783,18.087520183913973,,,,,,,17
Ethanol_2,1,0,-72.50928498172627,-69.1764316055014,2.4241207950049217,1.4359806059181257,2.403511002906473,,,,,,2.9489483271477783,10.204754238983993,30.250471446174444,,,,,,17
Ethanol_2,2,0,-71.30151088184084,-66.30223081750354,2.4589051289907027,1.4359806059181257,2.558533996803488,2.752339281144516,,,,,2.9489483271477783,11.405324290317587,48.01566729571442,11.03113149322682,,,,,17
Ethanol_2,3,0,-70.96123633208586,-64.29552957963614,2.087400482526314,1.4359806059181257,1.6318888908187954,2.6080938417615047,2.7385722896937885,,,,2.9489483271477783,-4.707544417064047,13.733128722167143,56.41934888234952,11.031131493226553,,,,17
Ethanol_2,4,0,-66.96123633208597,-58.629102891523814,2.0874004825262853,1.4359806059181257,1.6012836386083273,1.6624941430863163,2.6080938417615047,2.7385722896937894,,,2.9489483271477783,-4.707544417064891,4.9589969833361724,13.73312872216731,56.41934888234926,11.031131493227742,,,17
Ethanol_2,5,0,-63.17141210708539,-53.17285197841079,2.087400482526303,1.4359806059181257,1.5952653966607344,2.1701138038522068,2.5830709007283392,2.5858307080553233,2.752339281144533,,2.9489483271477783,-4.7075444170644465,12.160104088323331,15.163378736848298,33.588987747322406,48.01566729571435,11.03113149322661,,17
Monochrome_Television,0,1,-79.64910091029171,-78.65336863673771,,2.4249037501834367,,,,,,,4.103633168569454,13.917236871217886,,,,,,,21
Monochrome_Television,0,0,-69.44473206000889,-67.35568718456204,3.230614481227737,2.4249037501834367,,,,,,,4.103633168569454,18.80019728987876,,,,,,,21
Monochrome_Television,1,0,-88.31194064631687,-84.13385089542318,2.8515496392807784,2.4249037501834367,3.4092396596407704,,,,,,4.103633168569454,11.074808469031538,26.956138654364146,,,,,,21
Monochrome_Television,2,0,-92.39795658365291,-86.13082195731238,2.881548830807313,2.4249037501834367,3.3632081024372154,3.9181897347242076,,,,,4.103633168569454,11.768998079379589,22.823809384951154,39.686397544845654,,,,,21
Monochrome_Television,3,0,-83.57204721525942,-75.21586771347204,3.808100196692815,2.4249037501834367,2.573485515910465,2.5885925551679154,3.3971430771311333,,,,4.103633168569454,31.758706972755625,20.880999321059956,8.269377853456895,27.318548576451697,,,,21
Monochrome_Television,4,0,-93.51052447844603,-83.0653001012118,3.8081001966928216,2.4249037501834367,2.5810390355271173,3.3906741709203505,3.6608445406884993,3.857306962525727,,,4.103633168569454,31.758706972755636,8.269377853456984,31.320419735167636,10.604597176968289,38.659000985613645,,,21
Monochrome_Television,6,0,-85.51052447844609,-70.88721035031816,3.8081001966928425,2.4249037501834367,2.5810390355271164,3.3836418622289055,3.397706479611778,3.660844540688499,3.852250436595198,3.8623634884549807,4.103633168569454,31.7587069727564,8.269377853456861,20.627330733699623,31.320419735167526,10.604597176968,25.948644058875892,38.65900098561353,21
Polyvinylchloride,0,1,-85.05505634342354,-84.01053390570011,,2.485690702244294,,,,,,,4.266466386437016,14.56889462368115,,,,,,,22
Polyvinylchloride,0,0,-46.63691462325444,-44.45482971653781,0.8051521655816565,2.485690702244294,,,,,,,4.266466386437016,23.571431053787062,,,,,,,22
Polyvinylchloride,1,0,-101.10902686108301,-96.74485704764975,-0.22548130594798724,2.485690702244294,3.301258511300869,,,,,,4.266466386437016,2.5886934147789087,34.495335128637905,,,,,,22
Polyvinylchloride,2,0,-97.98650655432292,-91.44025183417301,-0.33935421576287833,2.485690702244294,2.812070799946727,3.3116910828461132,,,,,4.266466386437016,-0.3427194776531861,4.248202647240673,34.49533512863786,,,,,22
Polyvinylchloride,3,0,-118.33298084386362,-109.6046412169971,-0.24137529685657136,2.485690702244294,3.283017855905816,3.489687537078057,3.8939898455812694,,,,4.266466386437016,2.1928622232441186,26.99879948618209,41.16594601515282,25.05033359355303,,,,22
Polyvinylchloride,4,0,-89.98650655432286,-79.0760820207397,-0.33935421576287633,2.485690702244294,2.8120707999467234,3.3089516963076835,3.3123452839192784,3.3137760925618034,,,4.266466386437016,-0.3427194776531195,4.248202647240684,15.629455034069705,25.65836566804901,34.49533512863788,,,22
Nuclear_Electricity,0,1,-34.512701469227295,-33.56826249006085,,4.071279266590245,,,,,,,5.0338575376999115,-85.40073317757944,,,,,,,20
Nuclear_Electricity,0,0,-42.72831440786342,-40.73684986075544,-4.620083616873173,4.071279266590245,,,,,,,5.0338575376999115,-104.09040499439178,,,,,,,20
Nuclear_Electricity,1,0,-46.650897575969964,-42.667968481754,-14.412453828697219,4.071279266590245,4.16142054876247,,,,,,5.0338575376999115,-951.096420698507,-93.61069354388425,,,,,,20
Nuclear_Electricity,2,0,-40.42021944636642,-34.445825805042475,-4.989668449033289,4.071279266590245,4.8923443210806035,4.902927094527579,,,,,5.0338575376999115,-116.25829375777595,-53.49134993416118,-8.934969126984482,,,,,20
Nuclear_Electricity,3,0,-47.39269344782956,-39.426835259397635,-14.412453828697194,4.071279266590245,4.15210306394222,4.752191297909167,4.8146516107619535,,,,5.0338575376999115,-951.0964206985022,-96.81328325374147,-676.7636076412066,-8.934969126984548,,,,20
Nuclear_Electricity,4,0,-40.80488704913415,-30.847564313594244,-11.72000153636353,4.071279266590245,4.197984174518723,4.673796161665429,4.85753668906586,4.872502140341458,,,5.0338575376999115,-566.0469797611232,-84.26233523387535,-168.5409996577073,-71.02466866824966,-8.934969126984704,,,20
PolyethyleneLD,0,1,-51.96107904882962,-51.32202171921436,,2.9845443890474828,,,,,,,4.533373386035311,17.10155117089248,,,,,,,15
PolyethyleneLD,0,0,-56.665008374785046,-55.248907972580625,2.6986138740929317,2.9845443890474828,,,,,,,4.533373386035311,22.679849010366894,,,,,,,15
PolyethyleneLD,1,0,-62.347784806892676,-59.515584002483834,1.5749952542854424,2.9845443890474828,3.2698283329884776,,,,,,4.533373386035311,1.1902097776914422,24.668020556728987,,,,,,15
PolyethyleneLD,2,0,-58.347784806892705,-54.09948360027944,1.5749952542854364,2.9845443890474828,3.255994358668946,3.2836638913475387,,,,,4.533373386035311,1.190209777691431,13.72473424731745,24.668020556729118,,,,,15
PolyethyleneLD,3,0,-54.34778480689272,-48.683383198075035,0.23804827741600654,2.9845443890474828,2.9886413443423323,3.084485839668877,3.2795933526802172,,,,4.533373386035311,-34.78712599283167,-11.026169386072082,8.546077909439854,24.668020556729044,,,,15
PolyethyleneLD,4,0,-52.41054541115611,-45.330043400134,2.5043720578443764,2.9845443890474828,4.042534532835037,4.111386738813867,4.2862104231311475,4.436120816639931,,,4.533373386035311,19.598135078771428,-0.24463966996641773,48.77974477953215,5.3897214949669365,26.392877445704798,,,15
PolyethyleneLD,5,0,-58.033953747774675,-49.537351334548156,0.37936276625385223,2.9845443890474828,3.095763167232083,4.17011974303804,4.189296890392807,4.266883514562819,4.429176423633706,,4.533373386035311,-30.435261984837947,22.38309195152607,43.23638519315482,58.48703527422663,1.896028521635973,26.392877445705764,,15
Solar_Thermal_Electricity,0,1,-9.48991930620237,-9.880481393768271,,1.4027714750855362,,,,,,,2.4552708300770836,-2.775900104235185,,,,,,,6
Solar_Thermal_Electricity,0,0,-13.298949071259898,-13.715430132803789,0.8352592359786768,1.4027714750855362,,,,,,,2.4552708300770836,4.708184761515966,,,,,,,6
Solar_Thermal_Electricity,1,0,-14.961967939970457,-15.794930063058237,0.49485533708959817,1.4027714750855362,2.01508845252612,,,,,,2.4552708300770836,-10.127298143841523,23.59357502239061,,,,,,6
Solar_Thermal_Electricity,2,0,-10.961967939970457,-12.211411124602126,0.49485533708959606,1.4027714750855362,1.9943852841628706,2.0357153185096704,,,,,2.4552708300770836,-10.127298143841701,8.238820796404445,23.5935750223906,,,,,6
Solar_Thermal_Electricity,3,0,-6.961967939970457,-8.627892186146017,0.4948553370895938,1.4027714750855362,1.9956470821035064,2.019726928596493,2.029863406733968,,,,2.4552708300770836,-10.127298143841813,2.496592637093975,13.684862455639646,23.5935750223904,,,,6
Solar_Thermal_Electricity,4,0,-2.9619679399704637,-5.044373247689915,0.4948553370895917,1.4027714750855362,1.9640240269367941,2.0125358869528744,2.0238349681073187,2.05995876625801,,,2.4552708300770836,-10.127298143841902,-0.5087282796366832,8.26976517531406,16.281542647613524,23.593575022390546,,,6
Polypropylene,0,1,-33.4366658657413,-33.35722432406146,,1.4928115977940668,,,,,,,3.3731150557557097,12.078849206521847,,,,,,,9
Polypropylene,0,0,-37.806563999915696,-37.41211484524326,-0.04451720532358668,1.4928115977940668,,,,,,,3.3731150557557097,14.165166515769334,,,,,,,9
Polypropylene,1,0,-37.06612462371666,-36.27722631437178,-0.2471264753733236,1.4928115977940668,1.9262152418853298,,,,,,3.3731150557557097,6.90449949400379,15.511785772533804,,,,,,9
Polypropylene,2,0,-53.317013714992825,-52.13366625097551,-0.1838671150512342,1.4928115977940668,2.323154240212096,3.0433625548528895,,,,,3.3731150557557097,9.397957937184653,20.670451162803772,1.610626605769594,,,,,9
Polypropylene,3,0,-53.41050239425658,-51.83270577556682,-0.24712647537332472,1.4928115977940668,1.9791974366834473,2.426845448258321,3.043362554852889,,,,3.3731150557557097,6.904499494003824,14.06275664261315,20.670451162803715,1.6106266057695384,,,,9
Polypropylene,4,0,-49.41050239425668,-47.438256620894485,-0.24712647537332255,1.4928115977940668,1.9791945779963493,2.4268431667263934,3.028627464272706,3.0580976454330697,,,3.3731150557557097,6.904499494003879,14.062677691586412,20.67045116280375,11.653044185219718,1.6106266057695828,,,9
Polypropylene,5,0,-45.41050239425677,-43.043807466222134,-0.24712647537332402,1.4928115977940668,1.9642856599811767,1.9942207606027529,2.4228225822423144,2.430956993975227,3.043362554852889,,3.3731150557557097,6.904499494003802,10.556069413899461,14.064290104609311,17.433426315831635,20.670451162803772,1.6106266057696161,,9
Polypropylene,6,0,-36.95859120007941,-34.197447117372334,-0.2471264753733226,1.4928115977940668,2.025368495584311,2.034716529877356,2.1546671021639443,2.155532140726049,2.1841217261602237,3.0775284092866193,3.3731150557557097,6.904499494003868,9.424978976878773,11.877046853060502,14.26058667136363,16.579641718730244,18.835487631057056,1.610626605769594,9
Laser_Diode,0,1,-18.844237130446963,-18.44634185764859,,-0.01240241993529162,,,,,,,3.9243243596789674,17.06698902882673,,,,,,,12
Laser_Diode,0,0,-17.230452029104697,-16.260638729528697,3.555480287125348,-0.01240241993529162,,,,,,,3.9243243596789674,21.985403377442047,,,,,,,12
Laser_Diode,1,0,-25.203731320030087,-23.264104720878088,3.456065735566728,-0.01240241993529162,2.1527570558683875,,,,,,3.9243243596789674,15.094638922725212,29.319184946438735,,,,,,12
Laser_Diode,2,0,-30.485217400938268,-27.575777502210265,3.45606573556673,-0.01240241993529162,2.4443846251494925,3.3561077687611145,,,,,3.9243243596789674,15.094638922725212,38.328530036105455,12.964952879369962,,,,,12
Laser_Diode,3,0,-27.43687055466137,-23.557617356357365,3.4560657355667264,-0.01240241993529162,2.4844362581880506,2.8175455876901627,3.6714679380521136,,,,3.9243243596789674,15.094638922725178,46.736896253866355,28.92925136546447,-3.1086244689504383e-13,,,,12
Laser_Diode,4,0,-23.190445383709744,-18.34137888582974,3.4560657355667286,-0.01240241993529162,2.434492983421183,2.4429274149121643,3.290608225711295,3.7134349325425045,,,3.9243243596789674,15.094638922725224,27.3388840273499,37.816917028264065,21.841987427478692,1.1102230246251565e-14,,,12
Trichloroethane,0,1,-22.109560681174024,-22.31780121194597,,2.235034247799735,,,,,,,3.3116064696367618,5.41469419567866,,,,,,,7
Trichloroethane,0,0,-23.842772673342054,-23.950952375231427,1.4187479936683591,2.235034247799735,,,,,,,3.3116064696367618,9.89973191383805,,,,,,,7
Trichloroethane,1,0,-41.1559985492285,-41.372357953007246,1.107392361601214,2.235034247799735,2.9618894423014646,,,,,,3.3116064696367618,1.8824371502252357,25.771776221183796,,,,,,7
Trichloroethane,2,0,-48.44929670342216,-48.773835809090286,1.107392361601213,2.235034247799735,2.9861391788037768,3.1237216007327606,,,,,3.3116064696367618,1.8824371502251913,34.133243758943735,19.810982821268386,,,,,7
Trichloroethane,3,0,-34.711211738596646,-35.14393054615414,0.2545547711824008,2.235034247799735,2.293628739498688,2.3114571802878827,2.9930321506670876,,,,3.3116064696367618,-27.725245086668405,-9.960248915815084,5.338909077857101,25.771776221183696,,,,7
Trichloroethane,4,0,-30.711211738596674,-31.252110248043543,0.2291886570989785,2.235034247799735,2.2399529662932975,2.3253815835129825,2.3371177723660206,2.993032150667092,,,3.3116064696367618,-28.73398992904006,-16.19449111535205,-4.876570741268638,5.338909077857101,25.771776221183707,,,7
Trichloroethane,5,0,-10.16224519222041,-10.811323403556653,0.2196037901531686,2.235034247799735,2.268304584519851,2.352132382262568,2.3971948612150937,2.5492907597923553,2.5668100837728214,,3.3116064696367618,-29.117225873207666,-18.635927769536707,-9.005465866806794,-0.1567721704173186,7.97361460888435,15.444004188310522,,7
Electric_Power,0,1,-139.62483901354466,-138.29263450336944,,2.609651560610097,,,,,,,4.1591776441939015,23.203600329313346,,,,,,,29
Electric_Power,0,0,-124.5294340850767,-121.79484242510375,0.400509131411548,2.609651560610097,,,,,,,4.1591776441939015,19.33973446635273,,,,,,,29
Electric_Power,1,0,-152.0074019446065,-146.5382186246606,1.4545972417184025,2.609651560610097,2.9093553206612595,,,,,,4.1591776441939015,37.68856039453844,17.340293285908192,,,,,,29
Electric_Power,2,0,-164.78267717228627,-156.57890219236742,1.4104165011315986,2.609651560610097,2.874055084299632,3.6943185153217595,,,,,4.1591776441939015,36.9723572737856,19.778757491070277,12.507249626217675,,,,,29
Electric_Power,3,0,-161.3188106076084,-150.38044396771662,1.4104165011316103,2.609651560610097,2.876551972055372,3.70489442045099,4.056705385816402,,,,4.1591776441939015,36.972357273785775,19.62590720114077,13.041515176968598,7.1480334965889565,,,,29
Electric_Power,4,0,-157.94241459347117,-144.26945629360642,1.4104165011316028,2.609651560610097,2.8797359266100115,2.888110454164522,3.5616597026348047,3.6530261526874637,,,4.1591776441939015,36.972357273785676,28.601650626066533,19.11588892921756,26.705374565436692,12.155264237475361,,,29
Electric_Power,5,0,-158.7330489002994,-142.3254989404617,0.14339590416911088,2.609651560610097,2.6365980382330916,2.9113126305326293,3.086757630140146,3.4142763718618525,3.9793747988966057,,4.1591776441939015,11.809677859130652,39.99628049711706,6.8799767315271705,24.002801482075707,16.02784716708333,7.880116471445708,,29
Electric_Power,6,0,-149.32240295932095,-130.1802613395103,0.05617906029580073,2.609651560610097,2.6293491490928287,2.6407888924280494,2.862294965238066,2.8662029464459375,3.7220656359870623,4.055335446380007,4.1591776441939015,9.742850097000321,26.4081206524166,39.996280497116906,30.482960996263774,19.462146507270273,12.975313907266962,7.148033496589024,29
Magnesium,0,1,-98.13413185963586,-97.2437601017397,,2.4553746568410872,,,,,,,3.210679047105061,-6.789237600142384,,,,,,,19
Magnesium,0,0,-77.165371447101,-75.27649348876811,1.7366057415737446,2.4553746568410872,,,,,,,3.210679047105061,4.823493143966607,,,,,,,19
Magnesium,1,0,-117.11277336067752,-113.33501744401175,0.5516988925757497,2.4553746568410872,2.7113592451899673,,,,,,3.210679047105061,-30.192634239788752,13.400375858590252,,,,,,19
Magnesium,2,0,-141.0105768174769,-135.34394294247826,0.29517028104721443,2.4553746568410872,2.634397474126714,2.921861262227467,,,,,3.210679047105061,-39.7493822738739,2.923997714234461,18.390165166105056,,,,,19
Magnesium,3,0,-149.38811322877686,-141.83260139544535,0.2951702810472077,2.4553746568410872,2.634693799659298,2.940623366149873,3.154374026803167,,,,3.210679047105061,-39.74938227387421,3.002909759166983,21.36649268440727,0.27728378442993806,,,,19
Magnesium,4,0,-145.52985560644842,-136.08546581478402,0.2951702810472304,2.4553746568410872,2.6383694394738906,2.819160103090762,2.9241850400564653,3.156482666655797,,,3.210679047105061,-39.749382273872904,4.187098365649722,1.5543122344752192e-13,20.81363171792069,0.27728378443032664,,,19
Magnesium,5,0,-141.3985820059,-130.06531425590273,0.2951702810471887,2.4553746568410872,2.634397474126713,2.9280177125615126,2.9290882734703447,2.9627590480235164,3.154374026803166,,3.210679047105061,-39.74938227387466,2.9239977142348716,9.507940753588496,15.645343917743615,21.366492684407223,0.27728378442890556,,19
Magnesium,6,0,-138.10950218131586,-124.8873564729857,0.2951702810472221,2.4553746568410872,2.628260721436843,2.648477799124992,2.8191601030907716,2.9083212362375077,2.94941952416367,3.1543740268031653,3.210679047105061,-39.74938227387319,-15.714663762529968,4.187098365649289,1.6653345369377348e-13,11.323800789971106,21.366492684407945,0.2772837844300824,19
Shotgun_Sanger_DNA_Sequencing,0,1,-65.08933100281101,-63.91127717246306,,7.510554661087867,,,,,,,9.355127402116894,25.924778628993728,,,,,,,25
Shotgun_Sanger_DNA_Sequencing,0,0,-41.29905524479608,-38.86130359505968,4.365784045388934,7.510554661087867,,,,,,,9.355127402116894,29.225094070001656,,,,,,,25
Shotgun_Sanger_DNA_Sequencing,1,0,-79.89098248005345,-75.01547918058066,4.958727096005333,7.510554661087867,9.323755084200174,,,,,,9.355127402116894,32.63530792050321,-204500.38986997088,,,,,,25
Shotgun_Sanger_DNA_Sequencing,2,0,-83.51491545685042,-76.20166050764121,2.0356065634554565,7.510554661087867,7.838094966044442,9.322689643074568,,,,,9.355127402116894,12.482414573471612,34.15021555800812,-204500.38986996913,,,,,25
Shotgun_Sanger_DNA_Sequencing,3,0,-85.21962858263666,-75.46862198369105,0.09497727213986298,7.510554661087867,7.685545912576025,9.238929746945423,9.316070077765952,,,,9.355127402116894,-4.68333472011202,33.16241181840079,71.39017791723484,-204500.38986997062,,,,25
Shotgun_Sanger_DNA_Sequencing,4,0,-107.58374461911845,-95.39498637043644,2.3147482874440017,7.510554661087867,8.0594791373313,8.435190498107406,8.8942565729939,9.320254577943443,,,9.355127402116894,14.683526120192392,50.85241537702985,19.22952417490388,42.070944770538055,-204500.3898699711,,,25
Shotgun_Sanger_DNA_Sequencing,5,0,-110.56524350772864,-95.93873360931023,2.03560656345539,7.510554661087867,7.998510190049353,8.445964317912782,8.894256572993903,9.314701274584108,9.34348645814839,,9.355127402116894,12.482414573471113,47.59373803306415,19.22952417490378,42.07094477053799,-19226.171834216406,-6451340.375200471,,25
Shotgun_Sanger_DNA_Sequencing,6,0,-107.8907439427407,-90.8264823945859,0.05786372234020997,7.510554661087867,7.593250018346818,8.070334347529425,8.435190498107408,8.894256572993902,9.314700949391174,9.343486065461569,9.355127402116894,-5.042510860183325,18.35944108586264,50.85241537702936,19.229524174903855,42.07094477053804,-19223.37157281986,-6451340.375200591,25
Pentaerythritol,0,1,-80.03747632121548,-79.04174404766148,,2.2388802637589955,,,,,,,3.186711334700172,20.07561624108335,,,,,,,21
Pentaerythritol,0,0,-72.68412820617412,-70.59508333072728,2.527227247060162,2.2388802637589955,,,,,,,3.186711334700172,23.77296757357733,,,,,,,21
Pentaerythritol,1,0,-95.78304865091782,-91.60495890002413,2.393080482790076,2.2388802637589955,3.1456314323258665,,,,,,3.186711334700172,21.01246023862342,94.7720878168643,,,,,,21
Pentaerythritol,2,0,-112.68024750034431,-106.41311287400377,1.9012589937107003,2.2388802637589955,2.5875232102161423,3.1504377780811237,,,,,3.186711334700172,9.180766434271048,25.551525861722368,94.7720878168643,,,,,21
Pentaerythritol,3,0,-114.7312201544695,-106.37504065268212,2.1039505319282754,2.2388802637589955,2.8015807176510825,2.9700759957538407,3.1470062205021008,,,,3.186711334700172,14.415107418705887,37.34931820845112,15.955045246875388,94.77208781686434,,,,21
Pentaerythritol,4,0,-114.65092724289218,-104.20570286565795,0.5336825238034334,2.2388802637589955,2.2768962505698473,2.812141754057976,2.9700759957538403,3.147006220502101,,,3.186711334700172,-38.51822960161151,16.183835413777704,37.34931820845105,15.955045246875821,94.7720878168644,,,21
Pentaerythritol,5,0,-113.09772393959958,-100.5634546869185,0.5337146402072211,2.2388802637589955,2.2768970030021545,2.8339747605783514,2.87621845849189,3.048761193227535,3.1462951740916694,,3.186711334700172,-38.516852308816205,16.183835413777704,52.11769502963464,27.931532591649276,10.687284160217548,94.77208781686441,,21
Pentaerythritol,6,0,-103.9738731004378,-89.35055897230987,0.40911783591746476,2.2388802637589955,2.266421800710794,2.2819506162180634,2.7893902769995105,3.0163402106397488,3.1399409784374948,3.153053586313535,3.186711334700172,-43.96447983584353,-9.847133153669784,16.18383541377768,32.77213519702905,12.244095226635498,78.5808458668308,94.7720878168644,21
Ethylene_2,0,1,-47.57497009015735,-47.09006344036935,,3.6264499256521328,,,,,,,5.11444773362905,7.794672939995328,,,,,,,13
Ethylene_2,0,0,-39.00772219205758,-37.877823477134505,1.6219078754163951,3.6264499256521328,,,,,,,5.11444773362905,14.636587175634485,,,,,,,13
Ethylene_2,1,0,-68.06940092155759,-65.80960349171144,0.8922213117795394,3.6264499256521328,4.495413412185104,,,,,,5.11444773362905,3.376509232742786,26.427893942837688,,,,,,13
Ethylene_2,2,0,-65.80584267372382,-62.4161465289546,0.8662383737943748,3.6264499256521328,4.291117104244581,4.668601185883093,,,,,5.11444773362905,2.9018870296234733,12.794375777018685,29.2030175603491,,,,,13
Ethylene_2,3,0,-66.4375516258284,-61.917956766136115,0.9420308389296403,3.6264499256521328,4.4773604876673225,4.770347425482872,4.8140296944977,,,,5.11444773362905,4.235780656496302,20.69686099131105,44.59878638289027,26.804942477797532,,,,13
Ethylene_2,4,0,-58.925506621095536,-53.27601304648017,0.1264150477423704,3.6264499256521328,3.8016515846850827,4.682833695344686,4.936586461690666,5.040079350796947,,,5.11444773362905,-11.767381560753387,9.086869599602576,33.5895172747704,26.55858106249195,18.783273449880966,,,13
Ethylene_2,5,0,-54.30915436745275,-47.529762077914306,0.08872640247756675,3.6264499256521328,3.7248820186958502,3.8395469388828425,4.648386140980926,4.852839978250141,4.860896310273393,,5.11444773362905,-12.57542475592226,-1.5027401225344184,8.41284624765043,32.28529294429605,29.598259068072487,26.804942477797546,,13
Ethylene_2,6,0,-50.8485396333582,-42.939248628896685,0.06947468792104336,3.6264499256521328,3.7403798553458865,3.7460612333919117,3.7976360010527643,3.833052770395303,4.643551956077299,5.021993808405534,5.11444773362905,-12.990432372379956,-7.211135000894631,-1.727440334524788,3.4757713212977603,8.41284624765043,30.779498178422827,18.78327344988071,13
VinylAcetate,0,1,-45.27470689383591,-44.78980024404791,,2.5119212716417287,,,,,,,3.840107875017155,14.680987198334394,,,,,,,13
VinylAcetate,0,0,-37.3709047860258,-36.241006071102724,2.005848855332309,2.5119212716417287,,,,,,,3.840107875017155,18.544729834198527,,,,,,,13
VinylAcetate,1,0,-64.88111074251964,-62.62131331267349,1.708367122457999,2.5119212716417287,3.6174669634441843,,,,,,3.840107875017155,12.716535959599295,52.09555956569978,,,,,,13
VinylAcetate,2,0,-65.59141153301024,-62.20171538824103,1.3797753669561303,2.5119212716417287,2.809747411338557,3.6285178097233852,,,,,3.840107875017155,4.963382999261068,14.612419473788806,52.09555956569973,,,,,13
VinylAcetate,3,0,-81.678486766334,-77.15889190664171,1.441983046219021,2.5119212716417287,3.0392563346896257,3.2496328820326483,3.6022840684943005,,,,3.840107875017155,6.536161035972022,28.86903472496105,5.268490524345426,52.0955595656998,,,,13
VinylAcetate,4,0,-75.90877054443649,-70.25927696982113,1.3797753669561332,2.5119212716417287,2.9192009220563104,3.3573699300970827,3.514563500409275,3.635285193025048,,,3.840107875017155,4.963382999261268,20.412105424273463,-7.4890921445021075,28.242039975496358,52.095559565699936,,,13
VinylAcetate,5,0,-81.42333326067626,-74.64394097113782,0.3291250213706595,2.5119212716417287,2.5447451759565367,3.058398902446833,3.2661719116119228,3.531603959672227,3.6420422293734167,,3.840107875017155,-26.99934196013696,9.065106171046233,28.86903472496115,0.6447293362520479,31.0104630729236,52.0955595656998,,13
VinylAcetate,6,0,-77.42333326067634,-69.51404225621482,0.25162362385220144,2.5119212716417287,2.5175099173091287,2.5680303867277567,3.0583989024468337,3.2661719116119237,3.5316039308321847,3.6420421806025702,3.840107875017155,-29.744596526810408,-8.620030887705287,9.06510617104539,28.869034724961185,0.6447293362516926,31.01044538902693,52.09555956569976,13
CarbonBlack,0,1,-53.12272353536233,-53.0432819936825,,3.211922707582875,,,,,,,4.361440844178008,1.4060503512635991,,,,,,,9
CarbonBlack,0,0,-58.37484798935283,-57.98039883468039,0.9781103540178487,3.211922707582875,,,,,,,4.361440844178008,2.390911850093236,,,,,,,9
CarbonBlack,1,0,-69.38001269403296,-68.59111438468808,0.9044109643248448,3.211922707582875,4.088647462240185,,,,,,4.361440844178008,0.9920863431009397,7.563918986257201,,,,,,9
CarbonBlack,2,0,-69.75374218206288,-68.57039471804556,0.8767295562720223,3.211922707582875,3.7488137381578004,4.2335779721734905,,,,,4.361440844178008,0.4241124190723977,2.6882553159334632,11.73495049332336,,,,,9
CarbonBlack,3,0,-65.75374218206328,-64.17594556337352,0.8767295562720188,3.211922707582875,3.721428669404357,3.776180459817532,4.233577972173491,,,,4.361440844178008,0.4241124190722645,1.5623139623072602,2.6882553159334743,11.734950493323382,,,,9
CarbonBlack,4,0,-60.682333992496325,-58.71008821913413,0.10089622491295192,3.211922707582875,3.2394770499603793,3.242448541790187,3.2741118620324228,4.221517130170808,,,4.361440844178008,-17.724637882634497,-10.708170037943688,-4.109888410692464,2.0951311798220185,11.734950493323382,,,9
CarbonBlack,5,0,-53.38001269403287,-51.01331776599824,0.9044109643248472,3.211922707582875,4.067568105143217,4.068390563835067,4.0879033016917585,4.097461680918619,4.121913671137993,,4.361440844178008,0.9920863431009841,2.3428082761947078,3.675102890884996,4.989221445389658,6.285411984137667,7.563918986257456,,9
Aniline,0,1,-36.82573268321843,-36.42783741042006,,2.2609249080475813,,,,,,,3.4454575514802124,15.508692395575462,,,,,,,12
Aniline,0,0,-42.275490873430726,-41.30567757385472,1.7672364015046174,2.2609249080475813,,,,,,,3.4454575514802124,15.211066312796351,,,,,,,12
Aniline,1,0,-49.18930067113203,-47.24967407198003,1.673927855453339,2.2609249080475813,3.383328351022617,,,,,,3.4454575514802124,13.158703666569217,73.98908538377546,,,,,,12
Aniline,2,0,-37.183857876565895,-34.27441797783789,0.401101657814339,2.2609249080475813,2.2717415546564816,3.144496514779426,,,,,3.4454575514802124,-28.026488128274217,12.580688056680644,24.995405361928558,,,,,12
Aniline,3,0,-54.91717701955824,-51.03792382125424,1.415099526267109,2.2609249080475813,2.8776888159652305,3.0389195016871953,3.3738829687163117,,,,3.4454575514802124,6.705874040992099,36.37149966578832,3.685417243617528,73.98908538377545,,,,12
Aniline,4,0,-45.568734207046106,-40.7196677091661,1.4259760371367958,2.2609249080475813,2.7199256455143237,2.7914091926046183,3.1230040833566,3.3701642207037423,,,3.4454575514802124,6.994392394861415,14.622898333168221,21.53570159442031,-0.48357175710891376,73.9890853837753,,,12
PhthalicAnhydride,0,1,-41.28229244618775,-40.449079102131535,,2.860343394500682,,,,,,,3.9847166962008402,20.822706792939215,,,,,,,18
PhthalicAnhydride,0,0,-36.514012806908205,-34.733269291115874,2.8102496327069417,2.860343394500682,,,,,,,3.9847166962008402,28.549202664590624,,,,,,,18
PhthalicAnhydride,1,0,-38.692861421814854,-35.13137439023019,2.5364072096603962,2.860343394500682,3.8692315313639263,,,,,,3.9847166962008402,24.31005614372007,74.70660920433238,,,,,,18
PhthalicAnhydride,2,0,-39.33987337540847,-33.99764282803149,2.8012637265268827,2.860343394500682,3.7293956658449683,3.828708686745731,,,,,3.9847166962008402,28.488780386253477,-107.05293562850429,79.49029165049666,,,,,18
PhthalicAnhydride,3,0,-67.77551292778483,-60.652538864615515,1.8336308900443021,2.860343394500682,3.4495856188119016,3.6411920267416185,3.828953563100877,,,,3.9847166962008402,11.338173187764312,69.40795369321467,-104.30949103303698,79.49029165049706,,,,18
PhthalicAnhydride,4,0,-63.77551292778483,-54.871795348823184,1.833630890044287,2.860343394500682,3.4495856188119025,3.6411920267416176,3.8286381919928143,3.829268934208937,,,3.9847166962008402,11.338173187764,69.4079536932151,-104.30949103303834,35.26725655340188,79.49029165049659,,,18
PhthalicAnhydride,5,0,-60.43554789175374,-49.75108679699977,1.833630890044299,2.860343394500682,3.449585618811903,3.632537914408688,3.64030404021713,3.7092812564340676,3.805940903333087,,3.9847166962008402,11.338173187764223,69.40795369321509,32.16811907673116,-50.39596500695349,-233.37624346533383,76.52047587226704,,18
PhthalicAnhydride,6,0,-55.77551292778466,-43.31030831723836,1.833630890044293,2.860343394500682,3.4455181464168176,3.4511109491849616,3.4521270196342706,3.6382629143689402,3.644121257525574,3.8289535631008755,3.9847166962008402,11.338173187764166,37.811183340273914,56.3823060830394,69.40795369321513,20.939989200579344,-104.3094910330379,79.49029165049662,18
Capillary_DNA_Sequencing,0,1,-9.193290387301541,-9.247380238246228,,1.0368405273060124,,,,,,,2.245229551568646,39.01155609773159,,,,,,,8
Capillary_DNA_Sequencing,0,0,-13.208284537775718,-13.049401454416046,1.3744587107401314,1.0368405273060124,,,,,,,2.245229551568646,37.17283482788199,,,,,,,8
Capillary_DNA_Sequencing,1,0,-20.326131776338165,-20.00836560961882,2.4996893691045323,1.0368405273060124,1.319843565473061,,,,,,2.245229551568646,67.5914911650074,27.529680126527158,,,,,,8
Capillary_DNA_Sequencing,2,0,-16.326131776338173,-15.849482526259159,2.4996893691045305,1.0368405273060124,1.3123176873382747,1.3273676189556225,,,,,2.245229551568646,67.59149116500734,51.53944017851265,27.5296801265272,,,,,8
Capillary_DNA_Sequencing,3,0,-12.326131776338165,-11.69059944289948,2.499689369104526,1.0368405273060124,1.2772470966555456,1.2871632740411894,1.3951203257224558,,,,2.245229551568646,67.59149116500731,57.62014901016986,44.58085748206536,27.529680126527268,,,,8
Capillary_DNA_Sequencing,4,0,-8.326131776338173,-7.531716359539814,2.499689369104534,1.0368405273060124,1.2623130718647857,1.2927557923002488,1.349792674309053,1.3745127235077885,,,2.245229551568646,67.5914911650074,60.369063841632695,51.53707599826357,40.736827585699665,27.52968012652722,,,8
Capillary_DNA_Sequencing,5,0,-4.32613177633818,-3.3728332761801525,2.49968936910453,1.0368405273060124,1.2300744195490143,1.288580110065798,1.3362900919399792,1.3607100412857591,1.383507025020588,,2.245229551568646,67.59149116500734,61.934123063917944,55.28760789065023,47.47906751953489,38.30594346970386,27.52968012652718,,8
MaleicAnhydride,0,1,-41.15594633871549,-40.59099698125395,,2.074149614366387,,,,,,,3.2848406342612826,19.996019151238308,,,,,,,14
MaleicAnhydride,0,0,-33.92177708498803,-32.64366242575751,1.9744130699733673,2.074149614366387,,,,,,,3.2848406342612826,18.02533609718193,,,,,,,14
MaleicAnhydride,1,0,-45.57440988236988,-43.01818056390884,2.5918847761477948,2.074149614366387,2.7627604084205384,,,,,,3.2848406342612826,31.286243853410422,-0.7464892544628343,,,,,,14
MaleicAnhydride,2,0,-50.0902055707069,-46.255861593015354,1.928173375275621,2.074149614366387,2.434153374740082,2.671384768964823,,,,,3.2848406342612826,15.362800104490127,51.298774657415635,-0.6184945650269613,,,,,14
MaleicAnhydride,3,0,-61.31049990653696,-56.19804126961489,1.9281733752756176,2.074149614366387,2.434153374740082,2.6930792533442394,3.198430807094777,,,,3.2848406342612826,15.362800104490116,51.298774657415834,-9.225797385486656,53.96711263953846,,,,14
MaleicAnhydride,4,0,-58.275894633470244,-51.88532133731766,1.9745225114049831,2.074149614366387,2.429028503927759,2.7388062006669562,3.1863438602878027,3.196588848038129,,,3.2848406342612826,16.627663633834445,46.24465014584839,-14.070478479921157,27.536260881911232,53.967112639537675,,,14
MaleicAnhydride,5,0,-57.83452239087376,-50.16583443549066,1.9281733752756172,2.074149614366387,2.434153374740081,2.639573006790385,2.7831987111716514,3.1782018249014072,3.204735067147118,,3.2848406342612826,15.362800104490004,51.298774657415656,25.481674675510735,-14.0704784799212,27.54144500657212,53.967112639537504,,14
MaleicAnhydride,6,0,-53.83395834119543,-44.88715572658181,1.9281733752756192,2.074149614366387,2.434153374740084,2.638297580543888,2.6513458244353787,2.669599027856846,2.8023947725513634,3.1915380882095046,3.2848406342612826,15.362800104490383,51.29877465741603,42.08706701276051,31.13474272156507,18.114063600780106,-14.0044983084179,53.967112639537774,14
Refined_Cane_Sugar,0,1,-136.7647652989848,-135.29902939618506,,2.190598558183,,,,,,,2.7160829056019025,10.347390988353954,,,,,,,33
Refined_Cane_Sugar,0,0,-157.2808927397174,-154.2878776167844,-0.688665818554847,2.190598558183,,,,,,,2.7160829056019025,8.574501102475763,,,,,,,33
Refined_Cane_Sugar,1,0,-154.80723275968285,-148.82120251381693,1.1521332994957731,2.190598558183,2.2230587028230238,,,,,,2.7160829056019025,48.56150524180644,7.865302839215715,,,,,,33
Refined_Cane_Sugar,2,0,-152.79965707669749,-143.8206117078986,-0.33955374361239204,2.190598558183,2.3906161827679164,2.3957263122844266,,,,,2.7160829056019025,17.777155223509332,-518.6971550713815,7.548936850600219,,,,,33
Refined_Cane_Sugar,3,0,-150.59420126517068,-138.62214077343884,1.152133299495779,2.190598558183,2.2207659334223493,2.6190681918997307,2.654118206778962,,,,2.7160829056019025,48.561505241806316,8.41332358403909,-10.891525131437717,28.135108804848453,,,,33
Paraxylene,0,1,-31.473290192130904,-31.170705099136857,,2.0010292736828488,,,,,,,3.507213028778306,14.96126305360489,,,,,,,11
Paraxylene,0,0,-35.276838070483436,-34.48104752488669,-0.1648365105287544,2.0010292736828488,,,,,,,3.507213028778306,18.2880755374602,,,,,,,11
Paraxylene,1,0,-42.85519424348098,-41.2636131522875,-0.5342423535056452,2.0010292736828488,2.74671202657198,,,,,,3.507213028778306,8.971971884340913,25.225188219768857,,,,,,11
Paraxylene,2,0,-40.18135701038625,-37.79398537359603,-0.26511118301441594,2.0010292736828488,2.279207578399448,2.65830038061426,,,,,3.507213028778306,16.79442569381049,-4.440892098500626e-14,25.225188219768825,,,,,11
Paraxylene,3,0,-47.347757074348564,-44.1645948919616,-0.5471314974200684,2.0010292736828488,2.9109829063423396,3.0355166989916103,3.222487570276671,,,,3.507213028778306,8.598016072813696,59.296549060755844,8.881784197001252e-14,29.457606048208596,,,,11
Paraxylene,4,0,-46.43675957933311,-42.4578068513494,-0.24131863220374256,2.0010292736828488,2.225094045677397,2.8964970626446473,3.0355166989916103,3.222487570276668,,,3.507213028778306,17.477357011947316,4.827972362451128,59.29654906075582,2.6645352591003757e-13,29.457606048208895,,,11
Paraxylene,5,0,-28.181357010386236,-23.406613736805788,-0.19843952312629548,2.0010292736828488,2.2285487610789763,2.2404720741542614,2.2754100768589285,2.639380096231055,2.6772184542430066,,3.507213028778306,18.69401798821062,12.893365697670555,6.67489535911705,-8.881784197001252e-14,13.526835516663239,25.225188219768913,,11
Paraxylene,6,0,-24.181357010386236,-18.61082319120905,-0.19881648740979274,2.0010292736828488,2.239617477760875,2.2467084874814764,2.2586345400068972,2.6487874924451886,2.6591817108311755,2.6669319393600905,3.507213028778306,18.683400468464118,12.879677826782821,6.661732299545409,-6.661338147750939e-14,9.234993952806247,17.617136375282584,25.225188219768935,11
Ammonia,0,1,-36.63547143322563,-36.15056478343763,,3.618014271742087,,,,,,,5.075268327921764,7.994959274761982,,,,,,,13
Ammonia,0,0,-22.81067335690947,-21.680774641986396,1.8158330966308291,3.618014271742087,,,,,,,5.075268327921764,19.357366169505163,,,,,,,13
Ammonia,1,0,-47.72391192174922,-45.464114491903075,0.6355400508721635,3.618014271742087,4.552995530767175,,,,,,5.075268327921764,1.4923263871643666,41.96587685949904,,,,,,13
Ammonia,2,0,-68.27428330629687,-64.88458716152765,0.7287136124151302,3.618014271742087,4.670376394665389,4.901038427263112,,,,,5.075268327921764,3.084614966694499,62.46126806607892,4.96373254280964,,,,,13
Ammonia,3,0,-88.70288604864362,-84.18329118895133,0.6040226141996364,3.618014271742087,4.502742907202567,4.7099678538888075,4.901038427263112,,,,5.075268327921764,0.9402601910662889,23.73776884626604,62.46126806607892,4.963732542809773,,,,13
Ammonia,4,0,-115.24334643654149,-109.59385286192612,0.08416494936544429,3.618014271742087,3.7865268315653866,4.52737462890547,4.709967853888807,4.901038427263112,,,5.075268327921764,-9.279523380974508,3.3034578664557834,23.73776884626614,62.4612680660789,4.963732542809596,,,13
Ammonia,5,0,-113.4492826961376,-106.66989040659917,0.08388412284082972,3.618014271742087,3.7864527522925053,4.525795431664378,4.615754955227452,4.736949343410823,4.900189943111812,,5.075268327921764,-9.285402926883336,3.3034578664558834,20.7155732574519,34.99950536804531,63.29563034338286,4.963732542809629,,13
Ammonia,6,0,-112.32600832470027,-104.41671732023875,0.08626243477314349,3.618014271742087,3.7993137539527,4.254052276284971,4.51582493013726,4.6134298282094965,4.736949343410823,4.900189943111812,5.075268327921764,-9.235619221221336,3.888029009995231,2.140561730387436,20.244622199981897,34.99950536804547,63.29563034338288,4.963732542809829,13
SCGT,0,1,-20.430657487875692,-20.821219575441592,,1.1574338424381236,,,,,,,3.031317789705487,13.634007139495452,,,,,,,6
SCGT,0,0,-25.044980857285452,-25.461461918829343,3.236917712017765,1.1574338424381236,,,,,,,3.031317789705487,12.390309513091747,,,,,,,6
SCGT,1,0,-40.68392973672526,-41.51689185981304,3.3088095754601365,1.1574338424381236,2.4415577379338176,,,,,,3.031317789705487,15.09849289429278,5.946824432794551,,,,,,6
SCGT,2,0,-36.68392973672526,-37.933372921356934,3.308809575460135,1.1574338424381236,2.4401090301488475,2.443006442375667,,,,,3.031317789705487,15.098492894292825,10.639743674492596,5.94682443279434,,,,,6
Automotive_(US),0,1,-132.89448333629218,-131.80344088293387,,3.6754201162275533,,,,,,,4.744371945929841,45.909933166101744,,,,,,,23
Automotive_(US),0,0,-109.28695728156276,-107.01596884970446,3.6193041148457543,3.6754201162275533,,,,,,,4.744371945929841,41.72510754308293,,,,,,,23
Automotive_(US),1,0,-155.8728736963263,-151.3308968326097,4.308099670472924,3.6754201162275533,4.147109147386414,,,,,,4.744371945929841,48.36437763688798,37.86733567622462,,,,,,23
Automotive_(US),2,0,-181.99836598382797,-175.18540068825308,5.455928062772311,3.6754201162275533,3.786332583779507,4.271987302475818,,,,,4.744371945929841,58.290104939280894,44.916617768775424,37.02432715519788,,,,,23
Automotive_(US),3,0,-167.6237469564531,-158.5397932290199,4.613670956452556,3.6754201162275533,3.904009812253489,4.023727167946573,4.35203899168562,,,,4.744371945929841,51.182087234988785,46.88168566988173,42.20245899421282,36.68244732097185,,,,23
Automotive_(US),4,0,-164.0953181341173,-152.74037597482578,4.613670956452551,3.6754201162275533,3.9040098560850707,4.023727201798402,4.361979760415465,4.6023155406431515,,,4.744371945929841,51.182087234988806,46.8816827599431,42.20245899421289,36.17676919169551,37.55295757168338,,,23
Automotive_(US),5,0,-160.9972861895191,-147.3713555983693,4.613670956452559,3.6754201162275533,3.9007162148942713,4.010846810301363,4.291377718809457,4.468941050708719,4.546355828051422,,4.744371945929841,51.18208723498885,47.08976983139679,42.65440085547696,38.926269297217786,33.51557044169214,37.493571473926814,,23
Automotive_(US),6,0,-169.24832867421446,-153.35140965120638,5.455928062772317,3.6754201162275533,3.7863325837795054,4.249964285048306,4.471276493073381,4.47307873970843,4.5348910288542825,4.55991296357473,4.744371945929841,58.29010493928097,44.91661776877554,38.63685469187189,36.12751991887553,33.5155704416923,35.549565274784726,37.5213329817623,23
VinylChloride,0,1,-40.92491322151781,-40.62232812852377,,3.0111160826208967,,,,,,,4.437638426023182,12.127124705970227,,,,,,,11
VinylChloride,0,0,-37.531395893510094,-36.73560534791335,1.7917816204678263,3.0111160826208967,,,,,,,4.437638426023182,17.62174832395893,,,,,,,11
VinylChloride,1,0,-57.15340850181886,-55.561827410625376,1.2730876163709184,3.0111160826208967,3.7985027685100783,,,,,,4.437638426023182,8.466476944882807,26.221314396099913,,,,,,11
VinylChloride,2,0,-62.904020503253435,-60.516648866463214,1.298295498995217,3.0111160826208967,3.8464029851278894,4.290334816951575,,,,,4.437638426023182,8.955925310428213,29.315181099272635,11.928367511681692,,,,,11
VinylChloride,3,0,-59.711530969598286,-56.52836878721132,1.2462488987793205,3.0111160826208967,3.5879045598557386,3.859228057075812,4.290334816951575,,,,4.437638426023182,7.930551630825211,11.390051836375715,29.315181099272735,11.928367511681747,,,,11
VinylChloride,4,0,-55.52287989250097,-51.54392716451726,0.20495939147804676,3.0111160826208967,3.082088361240308,3.8717785722553177,3.972293793361726,4.1114610383599866,,,4.437638426023182,-16.916215465074313,10.88170249463315,25.84370428719368,38.29374402532788,20.4839571214971,,,11
VinylChloride,5,0,-49.80447429271693,-45.029731019136484,1.246248898779319,3.0111160826208967,3.587904559855756,3.9058025066706517,3.912584010088639,3.947896983886453,4.1114610383599866,,4.437638426023182,7.930551630825178,11.390051836375914,21.458705706281613,30.38326917917128,38.29374402532806,20.483957121497298,,11
VinylChloride,6,0,-47.52287989250077,-41.95234607332358,0.14916106713481148,3.0111160826208967,3.0193868809609854,3.138392205016403,3.873473605973863,3.9071097058018514,3.9855354488931267,4.111461038359987,4.437638426023182,-18.427638420718793,-2.731219665087803,10.881702494633084,21.159327400322002,30.25123380144732,38.29374402532791,20.483957121497188,11
Photovoltaics,0,1,-94.93032876411476,-93.63449189811044,,0.8636215653733168,,,,,,,3.378453324040399,24.10463390167018,,,,,,,28
Photovoltaics,0,0,-54.6756687125159,-52.011259692165495,1.4696369788354922,0.8636215653733168,,,,,,,3.378453324040399,19.87584440996628,,,,,,,28
Photovoltaics,1,0,-97.46467183717891,-92.1358537964781,1.7636144412349644,0.8636215653733168,2.1356782537186216,,,,,,3.378453324040399,30.257266508310266,7.16881946422987,,,,,,28
Photovoltaics,2,0,-106.68831809404628,-98.69509103299507,2.3631125088763807,0.8636215653733168,1.0892811500033315,2.1214528653200904,,,,,3.378453324040399,53.678409430638155,27.76808787912487,8.287420135359103,,,,,28
Photovoltaics,3,0,-103.0108316678947,-92.35319558649307,1.436025243528177,0.8636215653733168,0.8968676749741465,1.0743001716067244,2.1214528653200904,,,,3.378453324040399,3.010494928818619,60.178522169418414,27.768087879124614,8.287420135358815,,,,28
Photovoltaics,4,0,-138.67984743891947,-125.35780233716743,2.3631125088763785,0.8636215653733168,1.1222280606948016,1.967507862662465,2.1967865629684655,2.368149157936944,,,3.378453324040399,53.678409430638126,24.0269277974855,50.084524658188315,-60.65113319430977,11.39825717345817,,,28
Photovoltaics,5,0,-140.36731605545964,-124.3808619333572,2.3631125088763825,0.8636215653733168,1.1015401939991933,1.6631151641924766,1.9369672203160915,2.196786562968465,2.368149157936944,,3.378453324040399,53.678409430638126,27.315810192770595,16.018336150777113,50.08452465818852,-60.65113319430924,11.398257173458127,,28
Photovoltaics,6,0,-107.7970228761032,-89.14615973365034,2.3631125088763807,0.8636215653733168,1.0579149100003022,1.0660728551450525,2.249060962277075,2.388036709804892,2.545398124981511,3.001325605251463,3.378453324040399,53.678409430638155,42.84931187858332,29.23513240846126,-53.60947556631746,20.416069680668038,8.09877355191626,14.800270159045404,28
TitaniumDioxide,0,1,-35.822541210969874,-35.74309966929004,,2.7998631924400805,,,,,,,3.7459377280184922,5.887251675024885,,,,,,,9
TitaniumDioxide,0,0,-37.5963062597024,-37.201857105029966,1.841633411827006,2.7998631924400805,,,,,,,3.7459377280184922,9.096245617381305,,,,,,,9
TitaniumDioxide,1,0,-49.73825129571519,-48.94935298637031,1.6107351896624575,2.7998631924400805,3.538647186319218,,,,,,3.7459377280184922,4.2992884354738585,28.146560110845797,,,,,,9
TitaniumDioxide,2,0,-46.10828680551258,-44.92493934149526,0.31348759026562056,2.7998631924400805,2.824539969557998,3.54712345438472,,,,,3.7459377280184922,-31.848132435159272,5.392142959609226,28.146560110845908,,,,,9
TitaniumDioxide,3,0,-42.23662772054951,-40.65883110185975,0.31885946083663563,2.7998631924400805,2.837038283250226,3.3255513023983045,3.5360221876010387,,,,3.7459377280184922,-31.672906081467556,6.622027652122419,2.9576465948032427,28.14656011084583,,,,9
TitaniumDioxide,4,0,-38.23662772054951,-36.26438194718731,0.32458462600760485,2.7998631924400805,2.8371922361026187,3.3007277641504147,3.350327060209131,3.536022187601039,,,3.7459377280184922,-31.48641187098553,6.622027652122209,4.809232644291228,2.957646594803387,28.14656011084592,,,9
TitaniumDioxide,5,0,-34.23662772054956,-31.86993279251493,0.318859460836632,2.7998631924400805,2.8370382832502195,3.3255513023983205,3.5254506108013284,3.533394934623478,3.54922101737831,,3.7459377280184922,-31.672906081467666,6.622027652121998,2.9576465948035646,12.207637742848288,20.57592793005959,28.146560110845964,,9
TitaniumDioxide,6,0,-30.236627720549464,-27.47548363784239,0.21796554421614764,2.7998631924400805,2.80309190122951,2.836416739270826,2.864049708325727,3.3255513023983196,3.5257254217669893,3.5463189530015455,3.7459377280184922,-35.00322017215034,-19.392642562699148,-5.587134030155494,6.622027652122064,2.9576465948035313,16.496545273763296,28.14656011084612,9
Motor_Gasoline,0,1,-110.87420800824248,-109.82968557051905,,1.8956048158076333,,,,,,,2.0364412247823087,42.02275274242972,,,,,,,22
Motor_Gasoline,0,0,-105.63290097367118,-103.45081606695456,0.9217765378566851,1.8956048158076333,,,,,,,2.0364412247823087,48.10755301878833,,,,,,,22
Motor_Gasoline,1,0,-144.45156803235102,-140.08739821891777,-13.474306708854131,1.8956048158076333,1.907070985620247,,,,,,2.0364412247823087,-9687.779435533033,56.059052596375494,,,,,,22
Motor_Gasoline,2,0,-151.36624349596266,-144.81998877581276,-23.182514644224938,1.8956048158076333,1.901625055942062,1.9269196948947223,,,,,2.0364412247823087,-339607.74398519937,19.0940405042058,57.18864206241604,,,,,22
Motor_Gasoline,3,0,-147.3662434960545,-138.63790386918797,-23.18251464422513,1.8956048158076333,1.9006068940015153,1.9026432180704,1.926919694894722,,,,2.0364412247823087,-339607.7439852483,-5142.552797068056,19.09404050419997,57.18864206241416,,,,22
Solar_Water_Heaters,0,1,-25.729973297724754,-25.532748720388536,,1.7006455194827932,,,,,,,3.9751768222663704,-7.044894260250789,,,,,,,10
Solar_Water_Heaters,0,0,-24.962950788806538,-24.357780602818444,-0.242122679220177,1.7006455194827932,,,,,,,3.9751768222663704,-6.776286650401153,,,,,,,10
Solar_Water_Heaters,1,0,-40.87693645364784,-39.666596081671656,-0.36499239089631497,1.7006455194827932,3.61995637867405,,,,,,3.9751768222663704,-10.70888183148757,24.203325493225204,,,,,,10
Solar_Water_Heaters,2,0,-37.472985708468826,-35.65747515050455,-0.37476255550731,1.7006455194827932,3.4962981183840913,3.7194586451212652,,,,,3.9751768222663704,-11.057701116645436,8.252167709239021,24.203325493225215,,,,,10
Solar_Water_Heaters,3,0,-33.472985708468826,-31.05230496451646,-0.3747625555073093,1.7006455194827932,3.4610423629341494,3.6504559153271376,3.712431697901844,,,,3.9751768222663704,-11.057701116645413,2.237692618460463,13.918234020562537,24.203325493225226,,,,10
Solar_Water_Heaters,4,0,-29.472985708468826,-26.447134778528365,-0.3747625555073096,1.7006455194827932,3.4259809624186555,3.659186981928511,3.665531219538273,3.6816362449958366,,,3.9751768222663704,-11.057701116645413,-0.9090708627556898,8.271408867389384,16.616821673105875,24.203325493225236,,,10
Wind_Turbine_(Denmark),0,1,-85.58080290865635,-84.69043115076019,,0.9752174480080621,,,,,,,3.887023133454698,4.468958157682746,,,,,,,19
Wind_Turbine_(Denmark),0,0,-70.5528056019283,-68.66392764359541,4.218835722090075,0.9752174480080621,,,,,,,3.887023133454698,7.837175873746904,,,,,,,19
Wind_Turbine_(Denmark),1,0,-87.38461318785116,-83.60685727118539,4.08924200755894,0.9752174480080621,2.3181253658474286,,,,,,3.887023133454698,2.443296478694068,11.939097358254458,,,,,,19
Wind_Turbine_(Denmark),2,0,-92.99311461375066,-87.32648073875202,4.089242007558941,0.9752174480080621,2.4923339370196165,3.4084698761798338,,,,,3.887023133454698,2.4432964786941125,15.15647818378546,4.886106104610599,,,,,19
Wind_Turbine_(Denmark),3,0,-94.98834741017754,-87.43283557684602,4.0892420075589415,0.9752174480080621,2.3572714599118356,3.10581305484467,3.2893562975354356,,,,3.887023133454698,2.4432964786941236,11.744384873672276,26.409360579981723,4.477819627753621,,,,19
Wind_Turbine_(Denmark),4,0,-120.18519656302513,-110.74080677136072,4.089242007558936,0.9752174480080621,2.5615993473672565,2.8927098260180215,3.0286211159560206,3.272670186049073,,,3.887023133454698,2.4432964786940348,22.04255462166823,-19.542914066793116,29.640110771588102,4.47781962775462,,,19
Wind_Turbine_(Denmark),5,0,-88.34175230070812,-77.00848455071085,2.756936423830514,0.9752174480080621,0.9912970755261544,2.3780409735921904,2.421631050666777,3.105813054844667,3.2893562975354422,,3.887023133454698,-149.6874546973518,3.2968916124390124,7.6166226095766065,11.744384873672075,26.409360579981144,4.477819627753254,,19
Wind_Turbine_(Denmark),6,0,-119.50287263979516,-106.280726931465,2.7569364239085945,0.9752174480080621,0.9912970755270962,2.5879897922878166,2.8927098260180237,3.028621115956019,3.267726102056148,3.2776142699886446,3.887023133454698,-149.6874546834925,3.2968916124399783,22.042554621668643,-19.542914066793227,29.64011077158768,18.01872153496642,4.477819627754043,19
Sorbitol,0,1,-38.97917013419227,-39.03325998513696,,2.0595614368540254,,,,,,,2.937367155041063,9.159179991890676,,,,,,,8
Sorbitol,0,0,-48.76751137406327,-48.6086282907036,1.5594574840169098,2.0595614368540254,,,,,,,2.937367155041063,7.29798289305319,,,,,,,8
Styrene,0,1,-58.841509984398385,-58.20245265478313,,3.1696856924223016,,,,,,,4.6143037490966945,12.310424290756695,,,,,,,15
Styrene,0,0,-49.27994039210955,-47.86383998990513,2.1311359157822216,3.1696856924223016,,,,,,,4.6143037490966945,18.795240253717516,,,,,,,15
Styrene,1,0,-71.29286796123168,-68.46066715682284,1.3689918949420996,3.1696856924223016,3.8472037387901423,,,,,,4.6143037490966945,5.771766298805748,26.075022545197402,,,,,,15
Styrene,2,0,-76.09656621510095,-71.84826500848769,1.2815438191200639,3.1696856924223016,3.720399352768745,4.343962757507954,,,,,4.6143037490966945,4.03244351588593,21.41528071132559,33.67260910042058,,,,,15
Styrene,3,0,-72.10899628996603,-66.44459468114835,1.281543819120063,3.1696856924223016,3.6586629054168234,3.782025682520648,4.343962757507954,,,,4.6143037490966945,4.032443515885975,13.149963416784926,21.41528071132559,33.672609100420594,,,,15
Styrene,4,0,-68.13378260877542,-61.053280597753314,1.281543819120058,3.1696856924223016,3.679515182249875,3.6877882177869297,3.7936878449542157,4.343962757507953,,,4.6143037490966945,4.032443515885831,10.210452244151947,15.99192652674729,21.415280711325615,33.67260910042057,,,15
Styrene,5,0,-64.08127678914732,-55.584674375920805,1.3056874151873377,3.1696856924223016,3.660974007567078,3.682286954356529,3.7914830706563984,3.7963371805791746,4.3439627575079545,,4.6143037490966945,4.525532737618332,9.054378968498622,13.365608961993958,17.488305391857505,21.415280711325625,33.67260910042062,,15
Styrene,6,0,-70.8475192008487,-60.934816385417754,1.3689918949420972,3.1696856924223016,3.82478629083052,3.859999421509819,4.150917724626332,4.239196858288458,4.247788655736715,4.248686394154232,4.6143037490966945,5.771766298805692,18.190041443548488,28.971717701961087,-11.770222578578139,6.074889411301299,21.070870237132656,33.672609100420594,15
Aluminum,0,1,-79.548221348958,-78.77563262671822,,3.4268556637770167,,,,,,,4.647002484694116,3.55331309146224,,,,,,,17
Aluminum,0,0,-81.87959485318427,-80.21316816507183,1.6891978033466728,3.4268556637770167,,,,,,,4.647002484694116,4.582755156344065,,,,,,,17
Aluminum,1,0,-78.14469734393467,-74.8118439677098,0.22922882626075947,3.4268556637770167,3.4555283014383478,,,,,,4.647002484694116,-27.98884179463117,4.88875361368618,,,,,,17
Aluminum,2,0,-90.3968288945438,-85.3975488302065,1.7914988095492892,3.4268556637770167,4.387060695134656,4.588497579249871,,,,,4.647002484694116,6.327459053868134,-16.03200796655382,60.25093873213707,,,,,17
Aluminum,3,0,-106.7481077775046,-100.08240102505488,1.5928392011182635,3.4268556637770167,4.018434336795051,4.174028627252094,4.594757175755965,,,,4.647002484694116,2.71802616093324,24.48972523813372,-7.278126649637651,60.25093873213684,,,,17
Aluminum,4,0,-109.08654603812337,-100.75441259756121,1.346060135973108,3.4268556637770167,3.712743791556529,4.055483446689802,4.174028627252094,4.594757175755966,,,4.647002484694116,-2.109173313246271,7.731842963369973,24.489725238133676,-7.278126649638517,60.25093873213672,,,17
Aluminum,5,0,-103.15965503278645,-93.16109490411185,0.2321631728554655,3.4268556637770167,3.4881918602102675,4.041123135466896,4.148735956079309,4.199304196539757,4.594757175755965,,4.647002484694116,-27.912899399401336,5.7389382499095305,24.48972523813483,10.00200636865154,-7.278126649637584,60.25093873213707,,17
Aluminum,6,0,-128.11611871496106,-116.45113189817403,0.2321631728554675,3.4268556637770167,3.4881918602102684,4.041123135466896,4.189999877880338,4.2814596987524896,4.426215093802055,4.587421566005295,4.647002484694116,-27.912899399401383,5.73893824990942,24.48972523813342,-28.46188704887338,6.213114039638956,-18.37266484632556,60.25093873213705,17
CCGT_Power,0,1,-29.903738705845214,-29.418832056057212,,3.172013698328195,,,,,,,4.927996109798266,3.649531103910697,,,,,,,13
CCGT_Power,0,0,-35.080582409863204,-33.95068369494013,2.8340986855973416,3.172013698328195,,,,,,,4.927996109798266,1.8049786019992409,,,,,,,13
CCGT_Power,1,0,-44.10899806830531,-41.849200638459166,2.479608734965551,3.172013698328195,4.420248097036908,,,,,,4.927996109798266,-4.889427458062778,19.0748132182472,,,,,,13
CCGT_Power,2,0,-40.10899806830528,-36.719301923536065,2.479608734965547,3.172013698328195,4.41980456652375,4.4206916275500685,,,,,4.927996109798266,-4.8894274580628005,7.868591086020793,19.07481321824719,,,,,13
CCGT_Power,4,0,-19.906757599454146,-14.25726402483878,0.30277384059242163,3.172013698328195,3.2203551008499836,3.220804260853453,3.228389785617673,3.315790897925759,,,4.927996109798266,-69.28627395557234,-47.31350715793574,-28.192926809125353,-11.557016642515983,2.8908139337973204,,,13
BisphenolA,0,1,-57.60884977270308,-57.043900415241545,,1.9342673761457987,,,,,,,3.18245866579148,13.663517362199562,,,,,,,14
BisphenolA,0,0,-52.24357857383035,-50.96546391459983,2.050379552399616,1.9342673761457987,,,,,,,3.18245866579148,17.55012315306077,,,,,,,14
BisphenolA,1,0,-67.00828222457167,-64.45205290611064,1.8563640337331953,1.9342673761457987,2.858653242047276,,,,,,3.18245866579148,12.668399073379288,33.08598206028668,,,,,,14
BisphenolA,2,0,-80.91084614595215,-77.0765021682606,1.479596153263217,1.9342673761457987,2.2656677293258065,2.965493577981945,,,,,3.18245866579148,1.1666149628953404,17.488114724667504,36.45366929244014,,,,,14
BisphenolA,3,0,-80.29360379747479,-75.18114516055272,1.4795961532632254,1.9342673761457987,2.300451403343168,2.7125543919310244,2.853491340303759,,,,3.18245866579148,1.1666149628955513,20.463944207864394,1.8608116057975077,33.085982060286646,,,,14
BisphenolA,4,0,-75.26929659112045,-68.87872329496787,1.4795961532632271,1.9342673761457987,2.2650867599508095,2.3444356023718593,2.6017856281949823,2.9457370780023853,,,3.18245866579148,1.1666149628955957,11.692284087282678,21.091557366281467,14.714971113851105,36.453669292440125,,,14
BisphenolA,5,0,-73.71851827620034,-66.04983032081725,1.569843133998035,1.9342673761457987,2.4066268794448176,2.4246594371961647,2.4543537642803845,2.5847671978330027,2.8654748010266182,,3.18245866579148,4.161800745231914,14.9798833053304,24.57683576165448,33.09049758122487,8.637494302332382,33.085982060286575,,14
EthyleneGlycol,0,1,-46.11109150503455,-45.62618485524655,,3.1506466766775714,,,,,,,4.404704476307177,8.762424433798211,,,,,,,13
EthyleneGlycol,0,0,-41.25614053688415,-40.12624182196108,1.976161494352382,3.1506466766775714,,,,,,,4.404704476307177,17.454632685981164,,,,,,,13
EthyleneGlycol,1,0,-64.8661652502866,-62.606367820440454,1.335762371883357,3.1506466766775714,3.907825804852466,,,,,,4.404704476307177,6.405385035050493,30.528901578427114,,,,,,13
EthyleneGlycol,2,0,-65.32390512597766,-61.93420898120844,0.21465834017558053,3.1506466766775714,3.2775329544702996,3.94006088086915,,,,,4.404704476307177,-19.390942655665544,10.782707026827731,30.248379400803017,,,,,13
EthyleneGlycol,3,0,-71.39188005109963,-66.87228519140734,0.2782853134297413,3.1506466766775714,3.3667040853261017,3.6370418892168854,3.8838612761147058,,,,4.404704476307177,-17.73134690116953,24.517280707665968,-3.924626469713055,30.52890157842718,,,,13
EthyleneGlycol,4,0,-57.323905125977745,-51.67441155136238,0.13641840599567379,3.1506466766775714,3.1780017096829023,3.254197340634234,3.379963563668193,3.940060880869149,,,4.404704476307177,-21.463796649704612,-9.552343216056446,1.1612248645270329,10.782707026827742,30.248379400803003,,,13
EthyleneGlycol,5,0,-53.32390512597766,-46.54451283643922,0.136319486292155,3.1506466766775714,3.1682142675276417,3.2734174457023095,3.370225601743802,3.9397161109556276,3.9404056613968335,,4.404704476307177,-21.466440033004464,-9.56471350595558,1.1435970491385339,10.782707026827731,21.113833956480743,30.24837940080296,,13
EthyleneGlycol,6,0,-49.323905125977745,-41.41461412151623,0.11937365006700534,3.1506466766775714,3.189147394922743,3.2429785796730384,3.258298279690292,3.3112450766048203,3.343486407166936,3.9400608808691495,4.404704476307177,-21.920125499062195,-14.535080942550781,-7.599306301473185,-1.084051595779667,5.035015884385419,10.782707026827742,30.24837940080296,13
Methanol,0,1,-37.961440707953344,-37.25339050685113,,2.6168254585171735,,,,,,,3.8423741405058927,19.31571712677751,,,,,,,16
Methanol,0,0,-30.760292050993726,-29.215114606514163,1.4905349203809903,2.6168254585171735,,,,,,,3.8423741405058927,19.033603922018216,,,,,,,16
Methanol,1,0,-64.27182296378717,-61.18146807482805,1.1048689097253117,2.6168254585171735,3.7301878289809878,,,,,,3.8423741405058927,11.707687189246386,88.7184473441633,,,,,,16
Methanol,2,0,-68.41927944025338,-63.78374710681469,0.9876077797570233,2.6168254585171735,3.5288878202210396,3.740244377997552,,,,,3.8423741405058927,9.295335254174564,28.658729672542506,87.23323601432075,,,,,16
Methanol,3,0,-61.95791287294547,-55.77720309502722,0.8860749176571212,2.6168254585171735,3.3023399018096105,3.7249656274009433,3.7436920004673997,,,,3.8423741405058927,7.05037668866606,19.118084836981254,67.86963280656455,87.23323601432074,,,,16
CCGT_Electricity,0,1,-61.73239434986867,-61.24748770008067,,2.030741013606202,,,,,,,3.362357090734034,5.315525961395073,,,,,,,13
CCGT_Electricity,0,0,-66.42302285106967,-65.2931241361466,0.7630768479284915,2.030741013606202,,,,,,,3.362357090734034,4.24770757530295,,,,,,,13
CCGT_Electricity,1,0,-76.46361777204382,-74.20382034219767,0.6623982373246602,2.030741013606202,2.9282388227028027,,,,,,3.362357090734034,1.4685633150728794,10.940180842992685,,,,,,13
CCGT_Electricity,2,0,-76.60576868737257,-73.21607254260336,0.8840548844434111,2.030741013606202,2.243521655209316,2.892042521979571,,,,,3.362357090734034,8.261041466482212,-0.10405082179922864,10.940180842992685,,,,,13
CCGT_Electricity,3,0,-76.35306720960739,-71.8334723499151,0.8840548844434081,2.030741013606202,2.243521655209315,2.9417916202758727,3.1672090220967943,,,,3.362357090734034,8.261041466482165,-0.10405082179918423,15.865271854238117,5.379017096699501,,,,13
CCGT_Electricity,4,0,-71.09045075101986,-65.4409571764045,0.8840548844434043,2.030741013606202,2.243521655209314,2.925621936904705,2.9809460630793088,3.0990924648203095,,,3.362357090734034,8.261041466482089,-0.10405082179931746,9.118845376702689,17.477265988958614,8.290346058054388,,,13
Corn_(US),0,1,-73.40230224934126,-71.93656634654154,,2.9508888636773367,,,,,,,3.98075311739729,12.495825320896891,,,,,,,33
Corn_(US),0,0,-102.0549724338382,-99.06195731090524,1.7554050173699947,2.9508888636773367,,,,,,,3.98075311739729,14.743309539097726,,,,,,,33
Corn_(US),1,0,-98.19804896675771,-92.21201872089179,0.26302758618890654,2.9508888636773367,2.9913901706627977,,,,,,3.98075311739729,-20.585719945106852,15.049266171635288,,,,,,33
Corn_(US),2,0,-94.19804896675771,-85.21900359795883,0.18980334855265465,2.9508888636773367,2.9867266284374514,2.9922626208731757,,,,,3.98075311739729,-22.67772931098435,-2.085542071377766,15.049266171635288,,,,,33
Corn_(US),3,0,-90.19804896675765,-78.22598847502582,0.1638826030894786,2.9508888636773367,2.9680497198801805,2.9956501945845595,3.0029133100496317,,,,3.98075311739729,-23.426948040208593,-8.968366767262715,3.7880979408482007,15.049266171635312,,,,33
Corn_(US),5,0,-82.19804896675771,-64.23995822915995,0.1423936623011442,2.9508888636773367,2.974647538334235,2.9832335414459235,2.990124024813548,2.9909661642717946,3.002824055516131,,3.98075311739729,-24.051536775748318,-15.004582395636067,-6.61741344333957,1.1580876055263811,8.366529151362123,15.049266171635322,,33
PolyethyleneHD,0,1,-49.84095275636409,-49.201895426748834,,1.9814168766876536,,,,,,,4.061938953062663,13.18788931725049,,,,,,,15
PolyethyleneHD,0,0,-40.142117070031816,-38.726016667827395,2.197426380840793,1.9814168766876536,,,,,,,4.061938953062663,17.52196889870613,,,,,,,15
PolyethyleneHD,1,0,-66.67570672258348,-63.84350591817464,1.6082142531882302,1.9814168766876536,2.8238308263098317,,,,,,4.061938953062663,2.401113809962574,24.12183283071857,,,,,,15
PolyethyleneHD,2,0,-72.11573991610709,-67.86743870949383,1.6082142531882324,1.9814168766876536,2.7687994898338513,3.849743152359981,,,,,4.061938953062663,2.401113809962596,22.00680882553472,37.280451523314525,,,,,15
PolyethyleneHD,3,0,-87.83855954838086,-82.17415793956317,1.6082142531882304,1.9814168766876536,2.8857372142508133,3.122746160788854,3.806903718674107,,,,4.061938953062663,2.401113809962585,35.72319582967138,18.63488265303165,37.28045152331448,,,,15
PolyethyleneHD,4,0,-84.0408948276793,-76.96039281665719,1.574176975104425,1.9814168766876536,2.2856497138728615,2.891703037990928,3.1227461607888607,3.8069037186741146,,,4.061938953062663,1.2953703693317609,3.1468435278200646,35.723195829671326,18.63488265303185,37.280451523315335,,,15
PolyethyleneHD,5,0,-60.169802161949875,-51.673199748723356,1.5741769751044408,1.9814168766876536,2.2856497138729512,2.730775416287833,2.794585401243841,2.802495123080086,3.8497431523599785,,4.061938953062663,1.2953703693322605,3.146843527819654,9.892401329431777,16.1681494348645,22.006808825534453,37.280451523313815,,15
PolyethyleneHD,6,0,-76.0408948276789,-66.12819201224795,1.5741769751044203,1.9814168766876536,2.2607929269896037,2.2887041401408625,2.307452074497126,2.8917030379909274,3.1227461607888607,3.8069037186741097,4.061938953062663,1.2953703693318608,1.916427633993667,2.53357715753596,3.1468435278199647,35.723195829671376,18.634882653032047,37.28045152331484,15
Hard_Disk_Drive,0,1,-12.434789531129017,-11.544417773232851,,3.135616361610583,,,,,,,8.23791446740471,43.650345474512854,,,,,,,19
Hard_Disk_Drive,0,0,-19.089757755301314,-17.200879796968433,4.514382779789617,3.135616361610583,,,,,,,8.23791446740471,50.05940707299486,,,,,,,19
Hard_Disk_Drive,1,0,-20.120932145767107,-16.343176229101346,2.1749187487369728,3.135616361610583,3.591296798126346,,,,,,8.23791446740471,20.685548430771128,50.69697104544969,,,,,,19
Hard_Disk_Drive,2,0,-25.605266526332926,-19.938632651334284,2.174918748736961,3.135616361610583,3.6922541098852775,7.1902137297860005,,,,,8.23791446740471,20.685548430771018,52.394816965269975,39.95437118572518,,,,,19
Hard_Disk_Drive,3,0,-27.150181227950476,-19.594669394618954,2.3119932329225397,3.135616361610583,3.910971485811954,4.615715801529538,7.922850901927407,,,,8.23791446740471,22.961967734013143,62.34047557820512,50.017937759964305,10.59084192925428,,,,19
Hard_Disk_Drive,4,0,-23.879565346536282,-14.43517555487188,2.1749187487369603,3.135616361610583,3.852298162062245,4.608456267798502,6.5685983146365725,7.98515953213124,,,8.23791446740471,20.68554843077115,60.04335074411205,51.15274999004038,47.883046734643344,10.590841929254967,,,19
Hard_Disk_Drive,5,0,-19.194956472438285,-7.861688722441002,2.1749187487369728,3.135616361610583,3.8138660905987076,3.957383467904395,4.584149824758707,4.6472817785783205,7.922850901927407,,8.23791446740471,20.685548430771263,45.347053823212605,62.34047557820519,56.614510537205746,50.01793775996441,10.590841929254458,,19
Hard_Disk_Drive,6,0,-15.203375353515248,-1.9812296451850884,0.21113323604680653,3.135616361610583,3.1430461197512747,3.2649724705817484,3.931437714302304,4.466934380368335,4.684417426341191,7.922850901927407,8.23791446740471,-22.4284959882866,5.273107883439899,26.706735898143986,63.36195084865589,57.2069485426012,50.01793775996435,10.590841929254358,19
Low_Density_Polyethylene,0,1,-56.80156475786035,-56.09351455675814,,2.278424186073559,,,,,,,4.288938717291892,16.907725410839546,,,,,,,16
Low_Density_Polyethylene,0,0,-43.437184448469,-41.892007003989434,0.5305691460677175,2.278424186073559,,,,,,,4.288938717291892,20.287577565470738,,,,,,,16
Low_Density_Polyethylene,1,0,-72.38867323907378,-69.29831835011466,0.13831509182422935,2.278424186073559,3.4991696608596734,,,,,,4.288938717291892,12.329457094788909,30.73594160592201,,,,,,16
Low_Density_Polyethylene,2,0,-71.85079243504664,-67.21526010160795,0.11361395923078546,2.278424186073559,3.5648145062903973,3.721421119021582,,,,,4.288938717291892,11.755127942079547,44.56807303993161,28.249599484407927,,,,,16
Low_Density_Polyethylene,3,0,-89.76048850225779,-83.57977872433953,0.11361395923078517,2.278424186073559,3.535568980869364,3.9493973509443214,4.167778503515502,,,,4.288938717291892,11.755127942079536,37.056799651610575,8.530031155411088,55.589310886222776,,,,16
Low_Density_Polyethylene,4,0,-85.76048850225779,-78.03460127985997,0.11361395923078527,2.278424186073559,3.527738401538907,3.5433995601998407,3.949397350944321,4.167778503515502,,,4.288938717291892,11.755127942079547,25.472054491905784,37.05679965161064,8.530031155411177,55.58931088622281,,,16
Low_Density_Polyethylene,5,0,-81.78534886045715,-72.51428419357978,0.11361395923078461,2.278424186073559,3.535568980869364,3.952096869024287,4.139551761443862,4.1475924928937005,4.207148042497535,,4.288938717291892,11.755127942079547,37.056799651610625,7.148947905469183,27.385991121219845,43.21233592876791,55.589310886222876,,16
Low_Density_Polyethylene,6,0,-67.88266984200011,-57.06642773064318,-0.0251778436834256,2.278424186073559,2.443848157826976,3.5324341914433353,3.6039135413678225,3.776585309000865,4.189163613182302,4.197120168187456,4.288938717291892,8.098229548308744,12.114692015205797,30.20278311946575,44.568073039931676,21.912141071195602,41.11239433928804,55.58931088622274,16
Urea,0,1,-35.3518591437078,-34.953963870909426,,2.9442185742543887,,,,,,,4.349539094645591,7.978793652393401,,,,,,,12
Urea,0,0,-31.057819030981932,-30.088005731405932,1.4604686855649731,2.9442185742543887,,,,,,,4.349539094645591,15.602760326446363,,,,,,,12
Urea,1,0,-46.544286781562874,-44.604660182410875,0.6513916909626492,2.9442185742543887,3.6782010171692825,,,,,,4.349539094645591,0.15321758700257426,27.203407619288424,,,,,,12
Urea,2,0,-43.0219984009814,-40.1125585022534,0.5849270881156521,2.9442185742543887,3.4247546315600297,3.772570511173193,,,,,4.349539094645591,-1.3633180816126522,7.930078360081982,28.46164970879286,,,,,12
Urea,3,0,-39.0219984009814,-35.1427452026774,0.5849270881156521,2.9442185742543887,3.4247546315600315,3.770583027082067,3.7745579418311515,,,,4.349539094645591,-1.3633180816125856,7.9300783600820495,18.84242089891155,28.461649708792912,,,,12
Urea,4,0,-34.815701769715616,-29.966635271835614,0.0924083945847225,2.9442185742543887,3.033368642087219,3.0411036382105956,3.1411177134348347,3.75419086858816,,,4.349539094645591,-13.82512063949175,-7.2938560071316605,-1.137354146380476,4.665888762963233,28.46164970879287,,,12
Sodium,0,1,-93.29222894918351,-92.5841787480813,,2.9388145995043424,,,,,,,3.7029291328911547,6.276675663729192,,,,,,,16
Sodium,0,0,-89.36300085573858,-87.81782341125901,1.6483929189925175,2.9388145995043424,,,,,,,3.7029291328911547,8.746779478501153,,,,,,,16
Sodium,1,0,-106.00077207531194,-102.91041718635282,1.3621405720650201,2.9388145995043424,3.3739599407544087,,,,,,3.7029291328911547,2.845654178991708,15.017422328962848,,,,,,16
Sodium,2,0,-102.00077207531206,-97.36523974187337,1.3621405720650228,2.9388145995043424,3.363536085583422,3.384383795865384,,,,,3.7029291328911547,2.8456541789916967,9.135118208439696,15.01742232896297,,,,,16
Sodium,3,0,-98.000772075312,-91.82006229739375,1.3621405720650266,2.9388145995043424,3.3701189958141997,3.375333778727843,3.37642704772119,,,,3.7029291328911547,2.845654178991741,7.085223225495573,11.139788240031667,15.017422328962738,,,,16
Sodium,4,0,-112.4359968047255,-104.71010958232769,0.2633119052779835,2.9388145995043424,2.9654932913153598,3.2382698389694,3.3945456691891533,3.4793561237415838,,,3.7029291328911547,-25.911605681537743,7.277095576922433,-5.7631038185620875,31.455976736001933,10.517256349450644,,,16
Sodium,5,0,-109.77303234477733,-100.50196767789996,1.3040282762373927,2.9388145995043424,3.123037807813081,3.218510541958565,3.2198304580776678,3.3945456691891542,3.479356123741582,,3.7029291328911547,1.4940125297158158,12.429752277332607,3.7622672684481495,-5.763103818561732,31.45597673600267,10.517256349451609,,16
Sodium,6,0,-89.221809936711,-78.40556782535407,0.1765691957395306,2.9388145995043424,2.9472999554856982,2.9654088942237298,2.978754648577557,3.2506614723803846,3.327733366433106,3.3305791401368787,3.7029291328911547,-28.514174530208635,-15.264708690598017,-3.3812287067514823,7.27709557692231,-13.670860288174612,1.7589534727416534,15.09430650733834,16
Ethanolamine,0,1,-78.93924781244107,-78.10603446838485,,2.3268072136221662,,,,,,,3.484304141660227,18.636853925906383,,,,,,,18
Ethanolamine,0,0,-48.908015447998054,-47.12727193220572,2.4195798135772497,2.3268072136221662,,,,,,,3.484304141660227,23.707108815115074,,,,,,,18
Ethanolamine,1,0,-101.33968297092693,-97.77819593934227,1.8529269462568076,2.3268072136221662,3.120055374969891,,,,,,3.484304141660227,11.786086314603727,46.02443606207894,,,,,,18
Ethanolamine,2,0,-110.54199497485843,-105.19976442748144,1.8529269462568096,2.3268072136221662,3.1358467916949766,3.430009123581257,,,,,3.484304141660227,11.786086314603693,49.675690321972965,4.0561849090593345,,,,,18
Ethanolamine,3,0,-133.51331865074275,-126.39034458757342,1.8252396512505376,2.3268072136221662,3.04843430953675,3.240651352734408,3.4153260661210845,,,,3.484304141660227,11.12981041028579,31.154900085782877,56.148989685296,4.056184909059191,,,,18
Ethanolamine,4,0,-131.49756785742758,-122.59385027846594,1.8204019502132875,2.3268072136221662,3.024280817155835,3.156175521447309,3.248245707354926,3.4167604601630925,,,3.484304141660227,11.013495116330606,26.11606590902801,38.37359988403397,55.057296462743935,4.056184909059157,,,18
Ethanolamine,5,0,-129.74326740862378,-119.05880631386981,0.4397516162735725,2.3268072136221662,2.3370964029948453,3.0224194797308894,3.158945314103414,3.2558086939903923,3.415326066121085,,3.484304141660227,-34.14565262721945,11.460860726867839,25.791279803534263,37.79911085266367,56.148989685295916,4.056184909058791,,18
Ethanolamine,6,0,-126.21936565557598,-113.75416104502969,0.4392996614045483,2.3268072136221662,2.336350655646036,3.0288966022571455,3.153936468750118,3.247111706211914,3.264978554944946,3.4153260661210845,3.484304141660227,-34.16371463262027,11.372676111185886,26.116065909027885,37.90552070297126,47.81774280125598,56.14898968529616,4.056184909059068,18
SodiumChlorate,0,1,-69.91172304654637,-69.27266571693112,,2.211310863541545,,,,,,,3.3175350269931916,8.862490812732926,,,,,,,15
SodiumChlorate,0,0,-55.11857523124728,-53.702474829042856,1.4610439493338527,2.211310863541545,,,,,,,3.3175350269931916,13.84768563936315,,,,,,,15
SodiumChlorate,1,0,-77.61974206933758,-74.78754126492873,1.006828350613682,2.211310863541545,2.8135577714455,,,,,,3.3175350269931916,2.3674843475631535,24.21979028564596,,,,,,15
SodiumChlorate,2,0,-119.36720409824775,-115.11890289163449,1.0061313107618022,2.211310863541545,2.896834215183434,3.0773294449684347,,,,,3.3175350269931916,2.3479510747195342,40.4115374837893,11.647935938354104,,,,,15
SodiumChlorate,3,0,-118.37727373729606,-112.71287212847838,1.0068283506136806,2.211310863541545,2.881668601739141,3.105144355512006,3.1640963998154166,,,,3.3175350269931916,2.3674843475631424,37.22108734553735,-4.170018594228431,14.128065776266618,,,,15
SodiumChlorate,4,0,-111.71896880453963,-104.63846679351752,1.0362278141918093,2.211310863541545,2.387152801950658,2.400350190641474,2.8959377728224176,3.0773294449684347,,,3.3175350269931916,3.2288960944862,2.6660213792701004,2.099872703533179,40.4115374837893,11.647935938354214,,,15
SodiumChlorate,5,0,-117.69462707759968,-109.19802466437315,0.99953600127614,2.211310863541545,2.8958518552570123,2.9129804572427713,2.9507859652036363,3.0978550652683103,3.1640963998154157,,3.3175350269931916,2.1599211845302557,41.25373558441117,40.83567905320253,40.411537483789175,-4.1700185942282975,14.128065776266807,,15
SodiumChlorate,6,0,-103.75106591358247,-93.83836309815152,1.0362278141918004,2.211310863541545,2.384155881057247,2.4402626795546407,2.8711538285756286,2.8953643812079064,2.9192734124099746,3.0773294449684347,3.3175350269931916,3.2288960944857004,2.61072698032333,1.9886090328763761,16.96935177773964,29.660333599219445,40.411537483789125,11.647935938353982,15
Primary_Magnesium,0,1,-140.6625495868363,-139.0249634271099,,3.2209339401035244,,,,,,,6.221388977510448,9.017833547744502,,,,,,,39
Primary_Magnesium,0,0,-107.61170798259485,-104.28458469033556,0.4097191495277104,3.2209339401035244,,,,,,,6.221388977510448,10.143114428197098,,,,,,,39
Primary_Magnesium,1,0,-134.21337411330794,-127.55912752878935,0.5719559038216693,3.2209339401035244,5.708182988626534,,,,,,6.221388977510448,12.587484722858155,-9.384364184775196,,,,,,39
Primary_Magnesium,2,0,-145.25129665231273,-135.26992677553486,0.5925915267962961,3.2209339401035244,5.7817337828259365,5.979051307837027,,,,,6.221388977510448,12.91184147865102,-51.4492832937466,21.27404697738062,,,,,39
Primary_Magnesium,3,0,-149.93479492716048,-136.6263017581233,0.5163984602446772,3.2209339401035244,5.666540069176319,5.675061870017871,5.988359427000831,,,,6.221388977510448,11.706750738625782,99.88278496770982,-35.692196452577306,20.978363781899645,,,,39
Primary_Magnesium,4,0,-154.3450604890974,-137.70944402780094,0.27248174376518614,3.2209339401035244,4.30356071600779,4.442117956284038,5.785101874222391,5.979051307837027,,,6.221388977510448,7.451689263341876,48.00019653674629,10.712203928454489,-51.44928329374628,21.27404697738089,,,39
Primary_Magnesium,6,0,-167.16051238257486,-143.8706493367598,0.27248174376517764,3.2209339401035244,4.303560716007785,4.480381081573027,4.485261813217332,5.663701967148514,5.6750618700178705,5.988359427000827,6.221388977510448,7.451689263341743,48.00019653674576,29.900351274937044,5.500397614995512,99.88278496770992,-35.692196452573974,20.978363781897258,39
NeopreneRubber,0,1,-72.40542380114388,-71.92051715135588,,2.871834368237582,,,,,,,3.6606898283329117,5.3236633811771465,,,,,,,13
NeopreneRubber,0,0,-61.64082383019655,-60.51092511527348,2.067908866149097,2.871834368237582,,,,,,,3.6606898283329117,9.053693779036454,,,,,,,13
NeopreneRubber,1,0,-97.09416804792943,-94.83437061808328,1.6297650085940856,2.871834368237582,3.330481200449305,,,,,,3.6606898283329117,-0.30544424735119424,19.45863429789916,,,,,,13
NeopreneRubber,2,0,-105.45769325052365,-102.06799710575443,1.6297650085940807,2.871834368237582,3.310344201171441,3.5583744606438983,,,,,3.6606898283329117,-0.30544424735132747,16.368945424280177,26.752737809908922,,,,,13
NeopreneRubber,3,0,-101.45769325052368,-96.93809839083139,1.629765008594088,2.871834368237582,3.3058406441731574,3.314847758174105,3.5583744606438987,,,,3.6606898283329117,-0.30544424735114983,8.410425913473475,16.36894542428038,26.752737809909345,,,,13
NeopreneRubber,4,0,-97.58598049871026,-91.9364869240949,1.6393216856879156,2.871834368237582,3.1836805996571846,3.285630832811156,3.3269367606410714,3.558374460643902,,,3.6606898283329117,-0.0824235295012743,-1.293055363520823,7.962206619000001,16.36894542428039,26.75273780990909,,,13
NeopreneRubber,5,0,-81.17463932920339,-74.39524703966495,1.6297650085940858,2.871834368237582,3.288387419621559,3.3259287122707097,3.338173245085387,3.34347240212297,3.369111154358522,,3.6606898283329117,-0.30544424735117204,4.045434239682799,8.20759401628447,12.18921641074907,15.998131225875166,19.6418248646949,,13
NeopreneRubber,6,0,-77.22435912688744,-69.31506812242591,1.6393216856879211,2.871834368237582,3.1739016463641367,3.183181466873821,3.1851185950861693,3.1925206903040966,3.304102573500836,3.353281185791274,3.6606898283329117,-0.08242352950103005,-0.38371819959144293,-0.6859199068519395,-0.9890313818864849,-1.293055363519846,9.77957502377521,19.641824864694634,13
Electric_Range,0,1,-108.1494294562001,-107.1536971826461,,0.6901960800285137,,,,,,,1.4424797690644486,9.052286641262274,,,,,,,21
Electric_Range,0,0,-78.0052773719898,-75.91623249654296,2.6982622081051604,0.6901960800285137,,,,,,,1.4424797690644486,15.955004071206535,,,,,,,21
Electric_Range,1,0,-128.28683500264447,-124.10874525175078,2.505641257548596,0.6901960800285137,1.213190958348828,,,,,,1.4424797690644486,3.2882743645245016,40.09545310630076,,,,,,21
Electric_Range,2,0,-129.63095227403227,-123.36381764769173,2.505641257548596,0.6901960800285137,1.1876528061174438,1.3163954540647103,,,,,1.4424797690644486,3.2882743645244905,30.432003997552293,45.81811450378686,,,,,21
Electric_Range,3,0,-128.2035058652403,-119.84732636345291,2.5462604441963266,0.6901960800285137,0.9740513602214325,1.171307324383153,1.3154134284640124,,,,1.4424797690644486,6.535293495196592,-1.6942814888230462,30.03004329849992,45.81811450378688,,,,21
Electric_Range,4,0,-123.69229718609182,-113.2470728088576,2.537623881561244,0.6901960800285137,0.9716801959293012,1.167955511373154,1.1862394908598042,1.3163954540647087,,,1.4424797690644486,5.758533052721182,0.2032777969863342,16.67768496199874,30.432003997552826,45.818114503786845,,,21
Electric_Range,5,0,-120.2107868358791,-107.67651758319803,2.5462604441963337,0.6901960800285137,0.9740513602214466,1.1596776228387096,1.1860220411344087,1.316141546958068,1.3166493598425626,,1.4424797690644486,6.535293495196948,-1.6942814888240454,15.891707942501954,30.43200399755189,38.60514957268558,45.81811450378677,,21
Electric_Range,6,0,-116.21078683587871,-101.58747270775078,2.5462604441963284,0.6901960800285137,0.9740513602214407,1.1582670781880293,1.1610858139767308,1.182876739130541,1.1891671187679655,1.3163954540647098,1.4424797690644486,6.535293495196537,-1.694281488823579,7.515537197702338,15.890831703706409,23.506438738063796,30.432003997552247,45.81811450378663,21
Ethylene,0,1,-51.90000256061464,-51.26094523099938,,1.1034257431759258,,,,,,,2.0025502819824124,19.234643120560023,,,,,,,15
Ethylene,0,0,-48.322401112008606,-46.906300709804185,-0.9726986745919569,1.1034257431759258,,,,,,,2.0025502819824124,15.86636185932101,,,,,,,15
Ethylene,1,0,-68.57811510920826,-65.74591430479941,-1.1804930336799888,1.1034257431759258,1.753543196284877,,,,,,2.0025502819824124,6.525603289277293,42.90931476846792,,,,,,15
Ethylene,2,0,-69.05517025007809,-64.80686904346483,-1.0992189772116663,1.1034257431759258,1.579254095133937,1.7034855802650724,,,,,2.0025502819824124,10.569641009927045,-24.57082213161341,42.264516537683484,,,,,15
Ethylene,3,0,-65.40718254248553,-59.742780933667845,-1.2839966563652159,1.1034257431759258,1.1772284832178241,1.5729795195253085,1.7034855802650728,,,,2.0025502819824124,-7.993605777301127e-13,11.806035926813063,-24.57082213161279,42.264516537683505,,,,15
Ethylene,4,0,-61.130475303845316,-54.04997329282321,-1.0994792547664751,1.1034257431759258,1.5169792432731204,1.5826602802337109,1.6852220588749147,1.7282023371136839,,,2.0025502819824124,10.55404754344148,9.135702566001424,-24.570822131612747,15.674345550685231,42.909314768468164,,,15
Ethylene,5,0,-57.483380789572294,-48.986778376345775,-1.28399665636522,1.1034257431759258,1.1772284832178244,1.5729795195253107,1.6694516939123165,1.7221821716215913,1.7284910065726637,,2.0025502819824124,-1.354472090042691e-12,11.806035926813008,-24.57082213161348,3.956989139995104,25.951628971737726,42.90931476846824,,15
Nuclear_Power_(OECD),0,1,-121.55489685210301,-120.7216835080468,,1.8756399370041683,,,,,,,2.5216610151120733,4.72246399148637,,,,,,,18
Nuclear_Power_(OECD),0,0,-133.2535695630152,-131.47282604722287,0.6574110820235791,1.8756399370041683,,,,,,,2.5216610151120733,5.5161965866319385,,,,,,,18
Nuclear_Power_(OECD),1,0,-141.67743334025045,-138.1159463086658,0.6338834741298673,1.8756399370041683,2.496638132343861,,,,,,2.5216610151120733,4.777032788268931,32.580245911014174,,,,,,18
Nuclear_Power_(OECD),2,0,-136.96918424362778,-131.62695369625078,0.6398574599806804,1.8756399370041683,2.493319960846855,2.4937814806828578,,,,,2.5216610151120733,4.967140331561293,16.41268932060137,26.479897185702395,,,,,18
Nuclear_Power_(OECD),3,0,-119.93347341807947,-112.81049935491015,0.6385292894847544,1.8756399370041683,2.2276367855649437,2.247653193371327,2.348265495234583,,,,2.5216610151120733,4.927128882981346,-9.098005867572478,1.4024052221516259,10.898626174181725,,,,18
Nuclear_Power_(OECD),4,0,-124.87244961490637,-115.96873203594473,0.9561694748021337,1.8756399370041683,1.9329808219231983,2.1014033505553296,2.148294097434746,2.2584459391372524,,,2.5216610151120733,15.352560252024483,-6.661338147750939e-14,18.98247115163163,-2.6645352591003757e-13,7.06172691864293,,,18
AcrylicFiber,0,1,-48.069475554677666,-47.584568904889665,,2.3028221941526525,,,,,,,3.6389010965834716,20.23719007729875,,,,,,,13
AcrylicFiber,0,0,-39.82266233579904,-38.692763620875965,3.1087872751004584,2.3028221941526525,,,,,,,3.6389010965834716,24.04084259636653,,,,,,,13
AcrylicFiber,1,0,-67.22434991940611,-64.96455248955996,2.560950850281982,2.3028221941526525,3.038692957145896,,,,,,3.6389010965834716,12.417807615174137,34.63588404643697,,,,,,13
AcrylicFiber,2,0,-63.78632489880144,-60.39662875403222,2.5609508502819875,2.3028221941526525,2.9878279103687824,3.1218624697652064,,,,,3.6389010965834716,12.417807615174237,24.74549955542118,35.33804314247118,,,,,13
AcrylicFiber,3,0,-59.786324898801524,-55.266730039109234,2.560950850281983,2.3028221941526525,2.960967515027608,3.0498588049548605,3.1534564079630227,,,,3.6389010965834716,12.417807615174182,20.831148964380997,28.44724783965792,35.338043142471186,,,,13
AcrylicFiber,4,0,-55.78632489880147,-50.136831324186105,2.5609508502819884,2.3028221941526525,2.9694023784589474,3.0064098994512474,3.114283945999696,3.1295836437752342,,,3.6389010965834716,12.417807615174237,18.822274763404025,24.75807086221977,30.24933315096836,35.33804314247113,,,13
AcrylicFiber,5,0,-51.786324898801524,-45.00693260926308,2.560950850281988,2.3028221941526525,2.95930684542188,2.9810451615687965,3.0591663624217738,3.129925632347642,3.1447826684906897,,3.6389010965834716,12.417807615174258,17.574342026227185,22.42727787502813,26.994490497711997,31.292801630620303,35.33804314247114,,13
Formaldehyde,0,1,-38.74804416734939,-38.44545907435535,,3.284659339935264,,,,,,,4.578391781378922,9.941316092989549,,,,,,,11
Formaldehyde,0,0,-38.4303209633334,-37.634530417736656,1.204536431449937,3.284659339935264,,,,,,,4.578391781378922,12.913486369506922,,,,,,,11
Formaldehyde,1,0,-53.80722683622932,-52.215645745035836,0.9982808010704106,3.284659339935264,4.444900303766731,,,,,,4.578391781378922,9.552087871375281,51.8832817236851,,,,,,11
Formaldehyde,2,0,-55.96656982013978,-53.57919818334956,0.9259698383910197,3.284659339935264,4.235445944900459,4.497592329782965,,,,,4.578391781378922,8.312169381943091,19.336181080248338,59.60174107706637,,,,,11
Formaldehyde,3,0,-51.732367811689485,-48.54920562930252,0.11638021436669924,3.284659339935264,3.3399371348851505,4.264723439718878,4.497592329782965,,,,4.578391781378922,-8.690970388578334,9.374024161513262,19.336181080248238,59.601741077066315,,,,11
Formaldehyde,4,0,-71.08947595957297,-67.11052323158926,0.15710389098334115,3.284659339935264,3.49084894618936,3.926768122006066,4.124464702319205,4.497592329782965,,,4.578391781378922,-7.760910739681659,18.795300878401587,-10.123870479712727,19.33618108024826,59.60174107706633,,,11
Formaldehyde,5,0,-67.08947595957308,-62.31473268599263,0.10255122521002703,3.284659339935264,3.4432164726786088,3.5223589862061253,3.926768122006068,4.124464702319205,4.497592329782965,,4.578391781378922,-9.008623327156794,5.914865898262245,18.7953008784014,-10.123870479712993,19.336181080248316,59.60174107706643,,11
Formaldehyde,6,0,-32.68324843456462,-27.112714615387432,0.10428559388788824,3.284659339935264,3.454187260913955,3.512053659072108,3.926768122006068,4.160642362414341,4.179447509891986,4.1919497545317315,4.578391781378922,-8.968733887963554,5.973261948242281,18.795300878401367,-10.12387047971275,4.68139478813463,17.502216580126774,28.602029764087035,11
Wheat_(US),0,1,-437.345526122288,-434.39676623190985,,3.573036381305641,,,,,,,5.217666123571274,-5.900351881597898,,,,,,,142
Wheat_(US),0,0,-229.58432246082953,-223.67266834562702,3.388562014092549,3.573036381305641,,,,,,,5.217666123571274,22.33722421199512,,,,,,,142
Wheat_(US),2,0,-491.6074313311327,-473.87246898552513,2.1931832029048905,3.573036381305641,4.7557622875088,4.894467767179555,,,,,5.217666123571274,5.2595770721851505,76.21126591544092,29.49150560706074,,,,,142
Wheat_(US),3,0,-472.1473474074004,-448.5007309465903,2.1535821436014797,3.573036381305641,4.457026559495123,4.67825652311861,4.811658665542141,,,,5.217666123571274,4.610388303970236,0.3179345992152749,63.23260067423722,41.734550172263326,,,,142
Wheat_(US),4,0,-504.6322563644859,-475.0739857884733,1.3714627953926806,3.573036381305641,3.731379340135589,4.403639622775258,4.655676314356102,4.933742535163131,,,5.217666123571274,-10.562647781957013,7.251562307743054,-11.371382623932181,59.515187947108615,29.44488046510272,,,142
Wheat_(US),5,0,-517.7228238036579,-482.2528991124428,2.0490887304008005,3.573036381305641,4.6807900523989305,4.7010258375855045,4.781165504787882,4.828862728339612,5.015150008050486,,5.217666123571274,2.8825473646930777,97.98264653537451,-71.40400441126695,92.00630026346388,46.38801244955619,23.46613929085266,,142
Offshore_Gas_Pipeline,0,1,11.322606683470939,11.625191776464984,,1.8660550665256193,,,,,,,2.964853702910563,-56.68437147846033,,,,,,,11
Offshore_Gas_Pipeline,0,0,4.178496334551713,4.974286880148455,1.2380433270237328,1.8660550665256193,,,,,,,2.964853702910563,21.50395227039239,,,,,,,11
Offshore_Gas_Pipeline,1,0,7.925231659604009,9.516812750797492,0.3664370576709325,1.8660550665256193,2.4261192041333848,,,,,,2.964853702910563,-6.124772791797839,42.54230190145122,,,,,,11
Offshore_Gas_Pipeline,2,0,11.913335334155903,14.300706970946127,0.366437057670932,1.8660550665256193,2.2116592883645794,2.756004886213345,,,,,2.964853702910563,-6.124772791797861,25.40484997161776,47.56698293532609,,,,,11
Offshore_Gas_Pipeline,3,0,15.902530930833185,19.085693113220152,0.2134684697776052,1.8660550665256193,2.021554667650992,2.0528980585603236,2.7417864257358615,,,,2.964853702910563,-12.156560562052498,4.559043110006822,18.78342646424055,47.56698293532605,,,,11
Offshore_Gas_Pipeline,4,0,19.92523165960401,23.904184387587716,0.36643705767093654,1.8660550665256193,2.2714262030364174,2.33604008257073,2.4304199855678115,2.657361495747911,,,2.964853702910563,-6.124772791797728,8.73686615339273,21.6012319083157,32.75741548502905,42.54230190145128,,,11
Offshore_Gas_Pipeline,5,0,23.92523165960401,28.699974933184457,0.36643705767092916,1.8660550665256193,2.247613051452,2.4083478135304874,2.443897785344117,2.505115667867706,2.525618518473582,,2.964853702910563,-6.124772791797994,6.130676897745624,16.970955883848383,26.55939160710887,35.04055880603105,42.54230190145122,,11
Offshore_Gas_Pipeline,6,0,27.925231659604012,33.495765478781195,0.3664370576709401,1.8660550665256193,2.158562377309036,2.340152021666782,2.4551726950487223,2.4988002889421947,2.546478832423857,2.5575450307409806,2.964853702910563,-6.124772791797595,4.191122291238136,13.5043119241114,21.91223570637716,29.50286723149784,36.355651252563845,42.54230190145125,11
Benzene,0,1,-55.34493386023638,-54.63688365913417,,0.5005109105263371,,,,,,,1.0354297381845483,36.210329834268805,,,,,,,16
Benzene,0,0,-55.25524128913199,-53.710063844652424,0.023890679090639022,0.5005109105263371,,,,,,,1.0354297381845483,40.823029544316526,,,,,,,16
Benzene,1,0,-70.46977042709491,-67.37941553813579,0.18593033532402908,0.5005109105263371,0.8539425779707858,,,,,,1.0354297381845483,50.35108511716058,5.767440482879871,,,,,,16
Benzene,2,0,-66.96879067828208,-62.33325834484339,-0.06533937676854583,0.5005109105263371,0.5407512923460657,0.850013721998281,,,,,1.0354297381845483,31.019421028487205,51.33272979254194,5.767440482879904,,,,,16
Benzene,3,0,-63.12748896272839,-56.94677918481014,-0.13723871720074884,0.5005109105263371,0.5305704133529909,0.5330601666976056,0.8500137219982808,,,,1.0354297381845483,23.797299146366324,39.10180870276898,51.33272979254196,5.767440482879871,,,,16
Benzene,4,0,-58.96878811246975,-51.24290089007194,-0.06533876220074222,0.5005109105263371,0.54075139053118,0.8408635723878216,0.8504129969647507,0.8587649211750965,,,1.0354297381845483,31.01947973798518,51.332729792541954,39.34125455256301,24.395435944630083,5.7674404828797154,,,16
Ethanol_(Brazil),0,1,-41.13735218886856,-40.00185797293941,,3.870860922073174,,,,,,,5.414795939734737,16.709578506368583,,,,,,,24
Ethanol_(Brazil),0,0,-53.10303286463824,-50.74692520394235,2.9090948193792965,3.870860922073174,,,,,,,5.414795939734737,22.138487352497805,,,,,,,24
Ethanol_(Brazil),1,0,-52.54887273161483,-47.83665741022305,1.8530165458859225,3.870860922073174,4.392979454022567,,,,,,5.414795939734737,7.297358307320367,25.71124341911657,,,,,,24
Ethanol_(Brazil),2,0,-46.544858347539815,-39.476535365452136,0.1758158319888531,3.870860922073174,4.000789502940201,4.02861600279371,,,,,5.414795939734737,-25.343387810370178,1.9755769679210888,23.340291996792672,,,,,24
Ethanol_(Brazil),3,0,-44.46676681255252,-35.04233616976896,0.2203648804495861,3.870860922073174,3.91140679878659,4.646260416620455,5.073848793744074,,,,5.414795939734737,-24.347462761427053,13.866521517515295,30.081892598622883,23.439738492639307,,,,24
Ethanol_(Brazil),5,0,-37.13554601859911,-22.998900054423757,2.186680317742796,3.870860922073174,4.702350910296123,4.754615801974946,4.891193264029787,4.911156761794375,4.99242876573741,,5.414795939734737,12.416530973930717,34.11660427597168,50.44016962941099,26.277930247195968,-9.66428916322075,26.208927713759422,,24
IsopropylAlcohol,0,1,-42.081455874454214,-42.00201433277438,,3.1652985111508,,,,,,,4.1901182122026945,5.530832511688921,,,,,,,9
IsopropylAlcohol,0,0,-42.21900311592955,-41.824553961257116,1.2265469655905963,3.1652985111508,,,,,,,4.1901182122026945,8.323563808134626,,,,,,,9
IsopropylAlcohol,1,0,-62.85956438387514,-62.07066607453026,1.0172458117843692,3.1652985111508,3.958942401223561,,,,,,4.1901182122026945,4.440783337201715,22.778917054259797,,,,,,9
IsopropylAlcohol,2,0,-62.40707947220382,-61.2237320081865,0.15675418295671467,3.1652985111508,3.2210559228568005,3.9736709709679867,,,,,4.1901182122026945,-15.272402580068567,5.803032214298554,22.778917054259797,,,,,9
IsopropylAlcohol,3,0,-59.26670828332301,-57.68891166463325,0.153962187416238,3.1652985111508,3.207336691796499,3.82154384260337,4.003395229390236,,,,4.1901182122026945,-15.342901688310429,5.097178749295905,9.396188564059859,23.13043390049312,,,,9
IsopropylAlcohol,4,0,-55.266708283323155,-53.29446250996096,0.11529864187958655,3.1652985111508,3.167459526968875,3.243716229058267,3.8215438426033725,4.003395229390237,,,4.1901182122026945,-16.323617434192283,-5.068736894367709,5.097178749295761,9.39618856405996,23.13043390049303,,,9
IsopropylAlcohol,5,0,-51.25597876550769,-48.88928383747306,0.11532975623130728,3.1652985111508,3.1869341648835556,3.2242541538096035,3.821543842603371,3.994571024978913,4.012221297527143,,4.1901182122026945,-16.322824863581676,-5.0655528443485975,5.09717874929575,9.39618856406007,16.54609187538535,23.130433900493074,,9
IsopropylAlcohol,6,0,-46.407079472203904,-43.64593538949683,0.09105418811393816,3.1652985111508,3.178662729635596,3.1811771341146464,3.2291180272965514,3.2387693308641947,3.2590086349160323,3.973670970967985,4.1901182122026945,-16.94283670456369,-11.991815258497574,-7.250405739507726,-2.7097337849093295,1.638699253135678,5.803032214298387,22.77891705425975,9
Wind_Power,0,1,-32.326551806228565,-31.49333846217235,,1.4351743816206133,,,,,,,3.994195601307241,11.64944796901909,,,,,,,18
Wind_Power,0,0,-40.41016436922749,-38.62942085343516,0.9097818401563587,1.4351743816206133,,,,,,,3.994195601307241,14.482252834711673,,,,,,,18
Wind_Power,1,0,-38.71027706540531,-35.148790033820646,0.8649567571012095,1.4351743816206133,3.621654147580144,,,,,,3.994195601307241,13.400781356067847,29.753503574246665,,,,,,18
Wind_Power,2,0,-39.83020972796629,-34.487979180589306,2.1799440857992196,1.4351743816206133,1.6549297875021558,2.6700605433898925,,,,,3.994195601307241,52.39062498890908,1.8474914610495108,20.117556252709466,,,,,18
Wind_Power,3,0,-35.83020972796629,-28.707235664796976,2.1799440857992205,1.4351743816206133,1.6504427110278237,1.6594168639764906,2.6700605433898934,,,,3.994195601307241,52.39062498890912,31.640804661624866,1.8474914610494109,20.117556252709434,,,,18
Wind_Power,4,0,-32.203158342274435,-23.299440763312788,2.179944085799229,1.4351743816206133,1.6549297875021565,2.583988435599253,2.6505571941602297,3.72576019199719,,,3.994195601307241,52.39062498890924,1.847491461049422,10.621727310822383,18.611600023404463,28.08207114587873,,,18
Ford_Model-T,0,1,-22.09032135960512,-22.14441121054981,,-1.8239087409443189,,,,,,,0.6334684555795865,13.966159343632768,,,,,,,8
Ford_Model-T,0,0,-25.89163492243496,-25.732751839075288,3.1618920314295464,-1.8239087409443189,,,,,,,0.6334684555795865,11.776093892480876,,,,,,,8
Ford_Model-T,1,0,-33.85824222538269,-33.540476058663344,3.1984792658192576,-1.8239087409443189,0.027961948344423553,,,,,,0.6334684555795865,9.569285931555937,21.96889811532856,,,,,,8
Ford_Model-T,2,0,-42.52578065566595,-42.049131405586934,3.120895494036392,-1.8239087409443189,-0.6746145689085981,-0.15931327012431928,,,,,0.6334684555795865,12.896100842178038,-1.9984014443252818e-13,21.480200815018346,,,,,8
Ford_Model-T,3,0,-38.525780655665876,-37.890248322227194,3.1208954940363878,-1.8239087409443189,-0.6955692158692172,-0.653660024212571,-0.15931327012431698,,,,0.6334684555795865,12.896100842178104,6.670546014737777,-2.886579864025407e-13,21.48020081501817,,,,8
Ford_Model-T,4,0,-34.525780655665834,-33.731365238867475,3.120895494036385,-1.8239087409443189,-0.8131687274714611,-0.6713270212494986,-0.5422589295191548,-0.1593132701243138,,,0.6334684555795865,12.896100842178349,8.839420555966315,4.544424471025355,-1.9984014443252818e-13,21.480200815018335,,,8
Ford_Model-T,5,0,-30.94868476892453,-29.995386268766502,3.120895494036386,-1.8239087409443189,-0.6746145689086054,-0.24135390182908742,-0.22991851508341604,-0.06884247401834008,-0.028166346116508874,,0.6334684555795865,12.896100842178072,9.992007221626409e-14,6.013184497380919,11.664785116766163,16.976544563852148,21.968898115327985,,8
Ford_Model-T,6,0,-15.722489859980932,-14.610308276463233,1.2628729229728128,-1.8239087409443189,-1.7896216535533107,-0.07424290780776116,-0.02459934546015736,-0.005149648102935195,0.02520920776954854,0.03034502288016134,0.6334684555795865,56.893201507613256,8.481923349682152,11.353020696158255,14.134789087385213,16.829546675867814,19.44015934855995,21.96889811532856,8
Polystyrene,0,1,-83.26022373088739,-82.08216990053944,,1.4901550529482315,,,,,,,3.914338607284225,9.84072767071712,,,,,,,25
Polystyrene,0,0,-38.25259921244691,-35.81484756271051,0.1604550959997086,1.4901550529482315,,,,,,,3.914338607284225,14.655198105971024,,,,,,,25
Polystyrene,1,0,-89.65627107692151,-84.78076777744872,-0.21407727194726459,1.4901550529482315,3.222707857281297,,,,,,3.914338607284225,4.3728608165712,38.6310468894862,,,,,,25
Polystyrene,2,0,-103.84569638585646,-96.53244143664725,0.037410703902346014,1.4901550529482315,2.3734748528487755,3.147805160801132,,,,,3.914338607284225,13.067756216081905,-6.68045019393495,38.57844094552535,,,,,25
Polystyrene,3,0,-107.99336440573262,-98.24235780678701,0.03741070390234379,1.4901550529482315,2.373474852848778,3.1696265681114495,3.74043072632572,,,,3.914338607284225,13.067756216081861,-6.680450193934884,41.44367737978395,21.642548412135277,,,,25
Polystyrene,4,0,-113.40280978201412,-101.21405153333211,0.03741070390234577,1.4901550529482315,2.434996462278474,2.785204555197737,3.270829620038787,3.710343570284095,,,3.914338607284225,13.067756216081927,-21.156920618366648,9.270126181418913,44.4029323236045,21.642548412135255,,,25
Polystyrene,5,0,-99.3809188728577,-84.7544089744393,0.0374107039023438,1.4901550529482315,2.390078293961137,2.4056445108677535,3.0909036732699198,3.3516409983992714,3.6965089396680635,,3.914338607284225,13.067756216081838,2.4728343846476486,-9.443586956602502,33.41078932998598,43.41640681609581,21.642548412135156,,25
Polystyrene,6,0,-94.82933312192924,-77.76507157377443,0.15411992434797436,1.4901550529482315,2.1162922361090155,2.9639192833023627,3.190189291246146,3.3682178484028036,3.699748602990312,3.7038059911510226,3.914338607284225,17.3368999545776,-3.7807094587368972,6.51233474719265,31.795514903215462,45.58978884799922,34.70493520762854,21.64254841213521,25
Phenol,0,1,-42.74774312520842,-42.18279376774689,,2.941600434771859,,,,,,,4.210687075708083,15.130304308326503,,,,,,,14
Phenol,0,0,-44.88146091584161,-43.60334625661109,2.3665738193809727,2.941600434771859,,,,,,,4.210687075708083,22.972733219825148,,,,,,,14
Phenol,1,0,-53.36039722455001,-50.80416790608898,1.2978559631895759,2.941600434771859,3.34774114091563,,,,,,4.210687075708083,2.853787019230103,27.702720013486047,,,,,,14
Phenol,2,0,-52.96488866500303,-49.130544687311485,1.2978559631895767,2.941600434771859,3.303051179898404,3.9606645389047475,,,,,4.210687075708083,2.8537870192300474,24.655088942524227,36.4277480251618,,,,,14
Phenol,3,0,-50.0479212608399,-44.93546262391783,0.33419821953816653,2.941600434771859,3.1138449280738567,3.6802954387392743,3.8395112603067654,,,,4.210687075708083,-21.910811271493035,25.068266542632088,7.49334650727862,36.42774802516172,,,,14
Phenol,4,0,-46.13044968433434,-39.739876388181756,0.23626372353935307,2.941600434771859,3.062812800444642,3.1584579794538836,3.6315424550078697,3.8428376104277318,,,4.210687075708083,-24.75684744589359,3.857528567705737,25.90882676810744,10.922908065786874,36.42774802516189,,,14
Phenol,5,0,-39.17974333400139,-31.511055378618288,0.22896569045967302,2.941600434771859,3.0270620441421014,3.1636839903752683,4.016579800827575,4.017728063004597,4.026339217284021,,4.210687075708083,-24.971573862502638,2.080073052222764,23.27605465811193,30.078906061813882,36.27857175843796,41.928534174048096,,14
Beer_(Japan),0,1,-83.13296091926146,-82.36037219702169,,2.6503815030236098,,,,,,,4.257560415118091,10.083487771440701,,,,,,,17
Beer_(Japan),0,0,-91.18500996862494,-89.5185832805125,2.306303660601019,2.6503815030236098,,,,,,,4.257560415118091,10.347931463503567,,,,,,,17
Beer_(Japan),1,0,-96.20120040714596,-92.8683470309211,2.175283973409724,2.6503815030236098,3.465048919303446,,,,,,4.257560415118091,7.688664714270521,12.426628173079779,,,,,,17
Beer_(Japan),2,0,-97.63088933026563,-92.63160926592833,2.1573092339144444,2.6503815030236098,3.5690326359628024,3.73131043913398,,,,,4.257560415118091,7.2929666439542125,21.924523433360022,9.759667587785636,,,,,17
Beer_(Japan),3,0,-93.63088933026557,-86.96518257781585,2.1573092339144404,2.6503815030236098,3.550551085248705,3.5875141869462603,3.731310439133985,,,,4.257560415118091,7.292966643954168,14.922706899592765,21.924523433359646,9.759667587785358,,,,17
Beer_(Japan),4,0,-89.6308893302656,-81.29875588970344,2.1573092339144444,2.6503815030236098,3.5573691003010275,3.5705611174118133,3.579167690175572,3.7313104391339835,,,4.257560415118091,7.292966643954291,12.451911056473552,17.323771452947824,21.924523433360033,9.759667587785092,,,17
Beer_(Japan),5,0,-85.6308893302656,-75.632329201591,2.1573092339144417,2.6503815030236098,3.5525083460867686,3.5571774280855704,3.5721050370692544,3.5943397344301493,3.731310439133983,,4.257560415118091,7.29296664395418,11.18973350407938,14.922707023833382,18.49877189111233,21.924523433359777,9.759667587785037,,17
Free_Standing_Gas_Range,0,1,-108.39546496944163,-107.39973269588764,,1.5403294747908738,,,,,,,1.8680563618230415,20.517935041078218,,,,,,,21
Free_Standing_Gas_Range,0,0,-107.46300260955638,-105.37395773410954,2.9096459552168477,1.5403294747908738,,,,,,,1.8680563618230415,30.34149660511758,,,,,,,21
Free_Standing_Gas_Range,1,0,-134.5213748004386,-130.3432850495449,2.0732124526736477,1.5403294747908738,1.6635293716831219,,,,,,1.8680563618230415,0.19685141708635223,39.379056524892285,,,,,,21
Free_Standing_Gas_Range,2,0,-133.780613978995,-127.51347935265447,2.2066878766457605,1.5403294747908738,1.6976102262634218,1.7047340328856986,,,,,1.8680563618230415,5.882019603403554,83.26590323705942,39.77046513122544,,,,,21
Free_Standing_Gas_Range,3,0,-130.03991416476572,-121.68373466297834,0.998598471147617,1.5403294747908738,1.5542818308659119,1.6990660157560198,1.704734032885698,,,,1.8680563618230415,-61.71159495818499,9.957651364174591,83.26590323705908,39.77046513122456,,,,21
Free_Standing_Gas_Range,4,0,-126.03991416476589,-115.59468978753166,0.8305996435300387,1.5403294747908738,1.5495115728260345,1.5558612393987528,1.69906601575602,1.7047340328856981,,,1.8680563618230415,-74.41086780278887,-25.31705456025066,9.957651364176046,83.2659032370602,39.77046513122827,,,21
Free_Standing_Gas_Range,5,0,-118.70175972345834,-106.16749047077727,0.7494465093743493,1.5403294747908738,1.5415676705267432,1.5474524901368047,1.5505468450359559,1.6639284560221925,1.6674254021146924,,1.8680563618230415,-80.89788091754026,-47.014297534520644,-19.47737350405103,2.9016699700312287,23.278475143340003,39.37905652489202,,21
