Variable,Distribution,Loc,Scale
breaks,expon,0.3010299956639812,0.658731893903123
lexp,norm,-0.33128346398869357,0.3469092003850762
