,Training horizon,Forecast horizon,Paired t-test,Wilcoxon signed-ranks test
0,0.5,0.5,0.14029336509982232,0.11293902785450882
1,0.5,1.0,0.1287535834945928,0.14605465531349182
2,0.5,2.0,0.19830845986146922,0.2841644287109375
3,1.0,0.5,0.29844475137353793,0.17719271034002304
4,1.0,1.0,0.8789569446494175,0.7334699630737305
5,1.0,2.0,0.4200987030793444,0.3828125
6,2.0,0.5,0.8354541940979419,0.7982521057128906
7,2.0,1.0,0.660910556759,0.786865234375
8,2.0,2.0,0.443511889906794,0.4375
