,Training horizon,Forecast horizon,Paired t-test,Wilcoxon signed-ranks test
0,0.5,0.5,0.3583021662451814,0.625
1,0.5,1.0,0.4267480638451092,0.625
2,0.5,2.0,0.5050724929083272,0.4375
3,1.0,0.5,0.3388533259417521,0.625
4,1.0,1.0,0.41177475170408734,0.625
5,1.0,2.0,0.4334649176678702,0.4375
6,2.0,0.5,0.3781616578857106,0.4375
7,2.0,1.0,0.4681443272924555,0.625
8,2.0,2.0,0.443511889906794,0.4375
